/*
 Navicat Premium Dump SQL

 Source Server         : localhost_3306
 Source Server Type    : MySQL
 Source Server Version : 80041 (8.0.41)
 Source Host           : localhost:3306
 Source Schema         : gin_server

 Target Server Type    : MySQL
 Target Server Version : 80041 (8.0.41)
 File Encoding         : 65001

 Date: 26/05/2025 21:17:04
*/
use gin_server;
SET NAMES utf8;
SET FOREIGN_KEY_CHECKS = 0;

-- ----------------------------
-- Table structure for certs
-- ----------------------------
DROP TABLE IF EXISTS `certs`;
CREATE TABLE `certs`  (
  `id` bigint UNSIGNED NOT NULL AUTO_INCREMENT,
  `created_at` datetime(3) NULL DEFAULT NULL,
  `updated_at` datetime(3) NULL DEFAULT NULL,
  `deleted_at` datetime(3) NULL DEFAULT NULL,
  `entity_type` varchar(32) CHARACTER SET utf8mb4 COLLATE utf8mb4_0900_ai_ci NOT NULL,
  `entity_id` varchar(128) CHARACTER SET utf8mb4 COLLATE utf8mb4_0900_ai_ci NOT NULL,
  `cert_path` varchar(255) CHARACTER SET utf8mb4 COLLATE utf8mb4_0900_ai_ci NULL DEFAULT NULL,
  `key_path` varchar(255) CHARACTER SET utf8mb4 COLLATE utf8mb4_0900_ai_ci NULL DEFAULT NULL,
  `upload_time` datetime(3) NOT NULL,
  PRIMARY KEY (`id`) USING BTREE,
  INDEX `idx_certs_deleted_at`(`deleted_at` ASC) USING BTREE,
  INDEX `idx_entity`(`entity_type` ASC, `entity_id` ASC) USING BTREE
) ENGINE = InnoDB AUTO_INCREMENT = 2 CHARACTER SET = utf8mb4 COLLATE = utf8mb4_0900_ai_ci ROW_FORMAT = DYNAMIC;

-- ----------------------------
-- Records of certs
-- ----------------------------
INSERT INTO `certs` VALUES (1, '2025-04-22 13:25:54.414', '2025-04-22 13:25:54.414', NULL, 'user', 'u10001_2', 'D:\\work\\golang\\gin-server\\regist\\certs\\certs\\user_u10001_2.pem', '', '2025-04-22 13:25:54.414');

-- ----------------------------
-- Table structure for config_execution_results
-- ----------------------------
DROP TABLE IF EXISTS `config_execution_results`;
CREATE TABLE `config_execution_results`  (
  `id` int UNSIGNED NOT NULL AUTO_INCREMENT,
  `execution_id` varchar(50) CHARACTER SET utf8mb4 COLLATE utf8mb4_0900_ai_ci NOT NULL,
  `config_file_id` int UNSIGNED NOT NULL,
  `timestamp` datetime NOT NULL,
  `status` varchar(20) CHARACTER SET utf8mb4 COLLATE utf8mb4_0900_ai_ci NOT NULL,
  `message` varchar(255) CHARACTER SET utf8mb4 COLLATE utf8mb4_0900_ai_ci NOT NULL,
  `detail_json` longtext CHARACTER SET utf8mb4 COLLATE utf8mb4_0900_ai_ci NULL,
  `created_at` datetime NULL DEFAULT NULL,
  `updated_at` datetime NULL DEFAULT NULL,
  PRIMARY KEY (`id`) USING BTREE,
  INDEX `idx_execution_id`(`execution_id` ASC) USING BTREE,
  INDEX `idx_config_file_id`(`config_file_id` ASC) USING BTREE
) ENGINE = InnoDB AUTO_INCREMENT = 15 CHARACTER SET = utf8mb4 COLLATE = utf8mb4_0900_ai_ci ROW_FORMAT = DYNAMIC;

-- ----------------------------
-- Records of config_execution_results
-- ----------------------------
INSERT INTO `config_execution_results` VALUES (8, 'exec-55-1745453649', 55, '2025-04-24 08:14:10', 'failed', '所有网关添加失败，失败数: 1', '{\"execution_id\":\"exec-55-1745453649\",\"status\":\"failed\",\"message\":\"所有网关添加失败，失败数: 1\"}', '2025-04-24 08:14:10', '2025-04-24 08:14:10');
INSERT INTO `config_execution_results` VALUES (9, 'exec-57-1745454842', 57, '2025-04-24 08:34:03', 'failed', '所有网关添加失败，失败数: 1', '{\"execution_id\":\"exec-57-1745454842\",\"status\":\"failed\",\"message\":\"所有网关添加失败，失败数: 1\"}', '2025-04-24 08:34:03', '2025-04-24 08:34:03');
INSERT INTO `config_execution_results` VALUES (10, 'exec-69-1747985455', 69, '2025-05-23 15:30:56', 'failed', '所有终端添加失败，失败数: 1', '{\"execution_id\":\"exec-69-1747985455\",\"status\":\"failed\",\"message\":\"所有终端添加失败，失败数: 1\"}', '2025-05-23 15:30:56', '2025-05-23 15:30:56');
INSERT INTO `config_execution_results` VALUES (11, 'exec-70-1747986228', 70, '2025-05-23 15:43:48', 'failed', '所有终端添加失败，失败数: 1', '{\"execution_id\":\"exec-70-1747986228\",\"status\":\"failed\",\"message\":\"所有终端添加失败，失败数: 1\"}', '2025-05-23 15:43:48', '2025-05-23 15:43:48');
INSERT INTO `config_execution_results` VALUES (12, 'exec-71-1747986628', 71, '2025-05-23 15:50:28', 'failed', '所有终端添加失败，失败数: 1', '{\"execution_id\":\"exec-71-1747986628\",\"status\":\"failed\",\"message\":\"所有终端添加失败，失败数: 1\"}', '2025-05-23 15:50:28', '2025-05-23 15:50:28');
INSERT INTO `config_execution_results` VALUES (13, 'exec-72-1747986699', 72, '2025-05-23 15:51:39', 'success', '所有终端添加成功，成功数: 1', '{\"execution_id\":\"exec-72-1747986699\",\"status\":\"success\",\"message\":\"所有终端添加成功，成功数: 1\"}', '2025-05-23 15:51:39', '2025-05-23 15:51:39');
INSERT INTO `config_execution_results` VALUES (14, 'exec-74-1748071245', 74, '2025-05-24 15:20:45', 'success', '所有终端添加成功，成功数: 1', '{\"execution_id\":\"exec-74-1748071245\",\"status\":\"success\",\"message\":\"所有终端添加成功，成功数: 1\"}', '2025-05-24 15:20:45', '2025-05-24 15:20:45');

-- ----------------------------
-- Table structure for config_files
-- ----------------------------
DROP TABLE IF EXISTS `config_files`;
CREATE TABLE `config_files`  (
  `id` int UNSIGNED NOT NULL AUTO_INCREMENT,
  `filename` varchar(255) CHARACTER SET utf8mb4 COLLATE utf8mb4_0900_ai_ci NOT NULL,
  `file_type` varchar(50) CHARACTER SET utf8mb4 COLLATE utf8mb4_0900_ai_ci NOT NULL,
  `content` longblob NULL,
  `status` varchar(20) CHARACTER SET utf8mb4 COLLATE utf8mb4_0900_ai_ci NOT NULL DEFAULT 'pending',
  `fetch_time` datetime(3) NULL DEFAULT NULL,
  `process_time` datetime(3) NULL DEFAULT NULL,
  `result` longtext CHARACTER SET utf8mb4 COLLATE utf8mb4_0900_ai_ci NULL,
  `created_at` datetime(3) NULL DEFAULT NULL,
  `updated_at` datetime(3) NULL DEFAULT NULL,
  `deleted_at` datetime(3) NULL DEFAULT NULL,
  `remote_path` varchar(512) CHARACTER SET utf8mb4 COLLATE utf8mb4_0900_ai_ci NULL DEFAULT NULL,
  PRIMARY KEY (`id`) USING BTREE,
  UNIQUE INDEX `idx_config_files_filename`(`filename` ASC) USING BTREE,
  INDEX `idx_status`(`status` ASC) USING BTREE,
  INDEX `idx_deleted_at`(`deleted_at` ASC) USING BTREE,
  INDEX `idx_config_files_deleted_at`(`deleted_at` ASC) USING BTREE
) ENGINE = InnoDB AUTO_INCREMENT = 75 CHARACTER SET = utf8mb4 COLLATE = utf8mb4_0900_ai_ci ROW_FORMAT = DYNAMIC;

-- ----------------------------
-- Records of config_files
-- ----------------------------
INSERT INTO `config_files` VALUES (74, '终端新增20250413111412.json', 'terminal', 0x7B0D0A2020202022627573696E6573736964223A22313233313233313233313232222C0D0A2020202022757365726E616D65223A2275736572313132333233313233222C0D0A202020202270617373776F7264223A22313233313331323331323331222C0D0A202020202274797065223A2231222C0D0A2020202022676174657761794944223A223131303031222C0D0A202020202267617465776179223A22220D0A7D, 'success', '2025-05-24 15:20:44.559', '2025-05-24 15:20:45.161', '{\"execution_id\":\"exec-74-1748071245\",\"config_filename\":\"终端新增20250413111412.json\",\"timestamp\":\"2025-05-24T15:20:45.1543901+08:00\",\"status\":\"success\",\"message\":\"所有终端添加成功，成功数: 1\",\"summary\":{\"total_items\":1,\"success_items\":1,\"failed_items\":0},\"details\":{\"operations\":[{\"operation_type\":\"add_terminal\",\"target_id\":\"123123123122\",\"status\":\"success\",\"message\":\"添加终端成功\",\"item_result\":{\"business_id\":\"123123123122\",\"type\":\"terminal\",\"data\":{\"businessid\":\"123123123122\",\"username\":\"user112323123\",\"password\":\"123131231231\",\"type\":\"1\",\"gatewayID\":\"11001\",\"gateway\":\"\",\"ip\":\"\"}}}]}}', '2025-05-24 15:20:45.150', '2025-05-24 15:20:45.161', NULL, 'config/终端新增20250413111412.json');

-- ----------------------------
-- Table structure for devices
-- ----------------------------
DROP TABLE IF EXISTS `devices`;
CREATE TABLE `devices`  (
  `device_id` varchar(64) CHARACTER SET utf8mb4 COLLATE utf8mb4_0900_ai_ci NOT NULL,
  `created_at` datetime(3) NULL DEFAULT NULL,
  `updated_at` datetime(3) NULL DEFAULT NULL,
  `deleted_at` datetime(3) NULL DEFAULT NULL,
  `device_name` varchar(128) CHARACTER SET utf8mb4 COLLATE utf8mb4_0900_ai_ci NOT NULL,
  `device_type` bigint NOT NULL,
  `pass_wd` varchar(128) CHARACTER SET utf8mb4 COLLATE utf8mb4_0900_ai_ci NOT NULL,
  `superior_device_id` varchar(64) CHARACTER SET utf8mb4 COLLATE utf8mb4_0900_ai_ci NULL DEFAULT NULL,
  `peak_cpu_usage` bigint NULL DEFAULT 0,
  `peak_memory_usage` bigint NULL DEFAULT 0,
  `online_duration` bigint NULL DEFAULT 0,
  `cert_id` varchar(255) CHARACTER SET utf8mb4 COLLATE utf8mb4_0900_ai_ci NULL DEFAULT NULL,
  `key_id` varchar(255) CHARACTER SET utf8mb4 COLLATE utf8mb4_0900_ai_ci NULL DEFAULT NULL,
  `register_ip` varchar(64) CHARACTER SET utf8mb4 COLLATE utf8mb4_0900_ai_ci NULL DEFAULT NULL,
  `email` varchar(128) CHARACTER SET utf8mb4 COLLATE utf8mb4_0900_ai_ci NULL DEFAULT NULL,
  `hardware_fingerprint` varchar(255) CHARACTER SET utf8mb4 COLLATE utf8mb4_0900_ai_ci NULL DEFAULT NULL,
  `anonymous_user` varchar(128) CHARACTER SET utf8mb4 COLLATE utf8mb4_0900_ai_ci NULL DEFAULT NULL,
  `long_address` varchar(255) CHARACTER SET utf8mb4 COLLATE utf8mb4_0900_ai_ci NULL DEFAULT NULL,
  `short_address` varchar(255) CHARACTER SET utf8mb4 COLLATE utf8mb4_0900_ai_ci NULL DEFAULT NULL,
  `ses_key` varchar(255) CHARACTER SET utf8mb4 COLLATE utf8mb4_0900_ai_ci NULL DEFAULT NULL,
  `auth_status` varchar(20) CHARACTER SET utf8mb4 COLLATE utf8mb4_0900_ai_ci NULL DEFAULT 'normal',
  `login_status` varchar(20) CHARACTER SET utf8mb4 COLLATE utf8mb4_0900_ai_ci NULL DEFAULT 'offline',
  PRIMARY KEY (`device_id`) USING BTREE,
  INDEX `idx_devices_deleted_at`(`deleted_at` ASC) USING BTREE
) ENGINE = InnoDB CHARACTER SET = utf8mb4 COLLATE = utf8mb4_0900_ai_ci ROW_FORMAT = DYNAMIC;

-- ----------------------------
-- Records of devices
-- ----------------------------
INSERT INTO `devices` VALUES ('1000', '2025-04-17 23:19:08.907', '2025-04-22 13:32:22.000', NULL, '安全接入管理设备', 4, 'admin123456', '0', 0, 0, 0, '', '', '58.157.184.139', 'whmMbeYS@company.net', '', '', '', '', '', 'normal', 'offline');
INSERT INTO `devices` VALUES ('11001', '2025-04-17 23:19:08.913', '2025-04-22 01:33:13.750', NULL, '网关设备-1-1', 1, 'deviceyJAjkr', '1000', 69, 75, 6012, '', '', '140.228.53.162', 'ovWXCDm2@company.net', 'OjvVXoBqHbrCF4fRbWQLpeEvwlE1TxTh', '', 'd1f1:d0e8:fc34:5a64:f921:4ccb:d19e:4e97', '7EB73243', 'fkum0dunj81WIVDM', 'normal', 'offline');
INSERT INTO `devices` VALUES ('11002', '2025-04-17 23:19:08.919', '2025-04-21 03:15:14.207', NULL, '网关设备-1-2', 1, 'devicemZTYaE', '1000', 62, 73, 7804, '', '', '202.176.18.78', 'ucflgZrT@mail.cn', 's1dlvD5VX7GG82MKlweBm4FtxtOCrjk4', '', 'ae39:2575:0a9e:ef2d:108f:0d6b:ee86:8968', '4B82', 'NdQX2HGnMcW2lI2v', 'normal', 'offline');
INSERT INTO `devices` VALUES ('11003', '2025-04-17 23:19:08.925', '2025-04-21 03:15:14.214', NULL, '网关设备-3-3', 3, 'deviceEQXlrX', '1000', 78, 29, 9333, '', '', '138.34.133.114', 'yM5CkPSR@test.org', 'DOrF18AxGZlpg2e9Z3TY6Llt5ynnvgHx', '', '0bbe:5c64:d2fb:875b:742d:cf62:81e2:0344', '50D3', 'j8O9yhFlssB2cHA2', 'normal', 'offline');
INSERT INTO `devices` VALUES ('11004', '2025-04-17 23:19:08.931', '2025-04-22 13:28:52.563', NULL, '网关设备-2-4-1', 2, 'device9qw3aL', '1000', 11, 43, 7746, '', '', '149.219.123.190', '4qSDfFmz@test.org', 'ZgcVla1cM6hAi0zhGlyxLGvw5NulRYmW', '', '908a:2587:e68f:efc6:4fd1:e7f1:cfe5:5b2c', '5C77', 'IiL0C7yJLGCnn080', 'forbidden', 'offline');
INSERT INTO `devices` VALUES ('11005', '2025-04-17 23:19:08.936', '2025-04-22 12:11:15.895', NULL, '网关设备-3-5', 3, 'hello_gat1e11111', '1000', 27, 42, 9003, '', '', '27.104.95.71', 'cUSYrGtR@example.com', '6orHCvFblnuLCJHySiGGcHoVnmpthsUY', '', 'b547:8ecf:d7a7:2ab2:8934:8e40:f6c6:2420', '69BA34242', 'hello_ga21e11111', 'normal', 'offline');
INSERT INTO `devices` VALUES ('11006', '2025-04-17 23:19:08.942', '2025-04-21 03:49:13.388', NULL, '网关设备-3-6', 3, 'deviceECqkx6', '1000', 41, 30, 7547, '', '', '212.197.82.159', 'ZAcFIhk5@test.org', '5MOklQOCVdK4wvXB8o6utTbz2d94jWfu', '', 'a00e:e4bf:85f1:07d5:b0bd:3abd:dc7a:3909', '4A05', 'uWSeFWsshMJrkA3Q', 'normal', 'offline');
INSERT INTO `devices` VALUES ('11007', '2025-04-17 23:19:08.949', '2025-04-21 03:49:13.395', NULL, '网关设备-1-7', 1, 'deviceTqjwgG', '1000', 61, 32, 216, '', '', '52.249.144.104', 'IjYJHW2L@mail.cn', '0JvAQQfuo5bHoXJveYNbPjVQN1rT1F1h', '', '7daa:811c:7c6d:5f8e:b2b6:6b51:facb:1d94', 'B29A', 'Y5wflQn77GN1aChF', 'normal', 'offline');
INSERT INTO `devices` VALUES ('11008', '2025-04-17 23:19:08.954', '2025-04-21 03:49:13.401', NULL, '网关设备-1-8', 1, 'deviceLpPeQ6', '1000', 27, 75, 3969, '', '', '214.153.111.95', 'e93lDmJU@mail.cn', 'vNXNqD79VKnyHHpgCMT9FH5JxMtpJ7pS', '', 'b5e3:f471:ce33:9be3:2a47:2b2a:3d7f:4895', '2FF2', 'PRDgpvqFFitCDTCh', 'signout', 'offline');
INSERT INTO `devices` VALUES ('11009', '2025-04-17 23:19:08.960', '2025-04-21 03:15:14.235', NULL, '网关设备-2-9', 2, 'devicejdAT85', '1000', 57, 57, 3005, '', '', '54.241.87.168', 'TOuiv7Va@test.org', 'wCsmckZ61ywvXhu1EoJvx3CIWQ0FOKxq', '', 'b0d4:0069:c1e5:a298:0e5b:fe69:4c7a:4061', 'F6F1', 'rMSfJvSkZPD3qbP3', 'normal', 'offline');
INSERT INTO `devices` VALUES ('11010', '2025-04-22 11:31:53.500', '2025-04-22 11:31:53.500', NULL, '网关设备2-10', 2, '1234567890', '', 0, 0, 0, '', '', '::1', '', '', '', '4132432', '21341243', '12341234', 'normal', 'offline');
INSERT INTO `devices` VALUES ('6565158987', '2025-04-20 16:16:10.584', '2025-04-20 16:16:10.584', NULL, 'SC00000111122', 4, '1231213121212', '1000', 0, 0, 0, '', '', '::1', '', '', '', '', '', '', 'normal', 'offline');
INSERT INTO `devices` VALUES ('AC_test_13320', '2025-04-22 13:20:41.611', '2025-04-22 13:29:40.202', NULL, '测试安全接入1-1', 4, '1234567890', '0', 0, 0, 0, '', '', '::1', '', '', '', '', '', '', 'normal', 'offline');
INSERT INTO `devices` VALUES ('gateway_test_13320', '2025-04-22 13:19:04.064', '2025-04-22 13:19:04.064', NULL, '测试网关1', 2, '1234567890', '10000', 0, 0, 0, '', '', '::1', '', '', '', 'ASFASDF', 'XCVZZC:SDFSDF', 'SESSSXVXBJK', 'normal', 'offline');
INSERT INTO `devices` VALUES ('GW00000111212', '2025-04-20 13:47:13.138', '2025-04-20 13:47:13.138', NULL, 'GW00000111212', 1, '1231213121212', '1000', 0, 0, 0, '', '', '::1', '', '', '', '7A:4B:3F', '172.177.111', 'ASDFDCVZCV123SDF12', 'normal', 'offline');
INSERT INTO `devices` VALUES ('GW123456', '2025-04-18 03:33:57.401', '2025-04-18 03:33:57.401', NULL, 'Test Gateway', 2, 'password123', '', 0, 0, 0, '', '', '', '', '', '', '001122334455', '6677', 'testseskey', 'normal', 'offline');
INSERT INTO `devices` VALUES ('TEST_GW_1745138278', '2025-04-20 16:37:58.972', '2025-04-20 16:37:58.984', NULL, '测试网关设备', 2, 'test_password', '0', 0, 0, 0, '', '', '127.0.0.1', 'test@example.com', '', '', '2001:0db8:85a3:0000:0000:8a2e:0370:7334', '99:88:77:66', 'test_ses_key', 'normal', 'offline');
INSERT INTO `devices` VALUES ('TEST_GW_1745138733', '2025-04-20 16:45:33.893', '2025-04-20 16:45:33.907', NULL, '测试网关设备', 2, 'test_password', '0', 0, 0, 0, '', '', '127.0.0.1', 'test@example.com', '', '', '2001:0db8:85a3:0000:0000:8a2e:0370:7334', '00:11:22:33', 'test_ses_key', 'signout', 'offline');
INSERT INTO `devices` VALUES ('TEST_GW_1745138734', '2025-04-20 16:45:34.186', '2025-04-20 16:45:34.200', NULL, '测试网关设备', 2, 'test_password', '0', 0, 0, 0, '', '', '127.0.0.1', 'test@example.com', '', '', '2001:0db8:85a3:0000:0000:8a2e:0370:7334', '99:88:77:66', 'test_ses_key', 'normal', 'offline');
INSERT INTO `devices` VALUES ('TEST_GW_1745138781', '2025-04-20 16:46:21.683', '2025-04-20 16:46:21.696', NULL, '测试网关设备', 2, 'test_password', '0', 0, 0, 0, '', '', '127.0.0.1', 'test@example.com', '', '', '2001:0db8:85a3:0000:0000:8a2e:0370:7334', '99:88:77:66', 'test_ses_key', 'normal', 'offline');
INSERT INTO `devices` VALUES ('TEST_GW_1745139281', '2025-04-20 16:54:41.944', '2025-04-20 16:54:41.959', NULL, '测试网关设备', 2, 'test_password', '0', 0, 0, 0, '', '', '127.0.0.1', 'test@example.com', '', '', '2001:0db8:85a3:0000:0000:8a2e:0370:9999', '00:11:22:33', 'test_ses_key', 'normal', 'offline');
INSERT INTO `devices` VALUES ('TEST_GW_1745139282', '2025-04-20 16:54:42.347', '2025-04-20 16:54:42.358', NULL, '测试网关设备', 2, 'test_password', '0', 0, 0, 0, '', '', '127.0.0.1', 'test@example.com', '', '', '2001:0db8:85a3:0000:0000:8a2e:0370:7334', '99:88:77:66', 'test_ses_key', 'normal', 'offline');

-- ----------------------------
-- Table structure for events
-- ----------------------------
DROP TABLE IF EXISTS `events`;
CREATE TABLE `events`  (
  `id` bigint UNSIGNED NOT NULL AUTO_INCREMENT,
  `created_at` datetime(3) NULL DEFAULT NULL,
  `updated_at` datetime(3) NULL DEFAULT NULL,
  `deleted_at` datetime(3) NULL DEFAULT NULL,
  `event_id` bigint NULL DEFAULT NULL,
  `device_id` varchar(64) CHARACTER SET utf8mb4 COLLATE utf8mb4_0900_ai_ci NULL DEFAULT NULL,
  `event_time` datetime(3) NULL DEFAULT NULL,
  `event_type` bigint NULL DEFAULT NULL,
  `event_code` varchar(64) CHARACTER SET utf8mb4 COLLATE utf8mb4_0900_ai_ci NULL DEFAULT NULL,
  `event_desc` varchar(255) CHARACTER SET utf8mb4 COLLATE utf8mb4_0900_ai_ci NULL DEFAULT NULL,
  PRIMARY KEY (`id`) USING BTREE,
  UNIQUE INDEX `idx_events_event_id`(`event_id` ASC) USING BTREE,
  INDEX `idx_events_device_id`(`device_id` ASC) USING BTREE,
  INDEX `idx_events_event_time`(`event_time` ASC) USING BTREE,
  INDEX `idx_events_event_type`(`event_type` ASC) USING BTREE,
  INDEX `idx_events_deleted_at`(`deleted_at` ASC) USING BTREE
) ENGINE = InnoDB CHARACTER SET = utf8mb4 COLLATE = utf8mb4_0900_ai_ci ROW_FORMAT = DYNAMIC;

-- ----------------------------
-- Records of events
-- ----------------------------

-- ----------------------------
-- Table structure for generated_configs
-- ----------------------------
DROP TABLE IF EXISTS `generated_configs`;
CREATE TABLE `generated_configs`  (
  `id` bigint UNSIGNED NOT NULL AUTO_INCREMENT,
  `gateway_id` varchar(64) CHARACTER SET utf8mb4 COLLATE utf8mb4_0900_ai_ci NOT NULL,
  `file_name` varchar(255) CHARACTER SET utf8mb4 COLLATE utf8mb4_0900_ai_ci NOT NULL,
  `config_type` varchar(20) CHARACTER SET utf8mb4 COLLATE utf8mb4_0900_ai_ci NOT NULL,
  `file_path` varchar(255) CHARACTER SET utf8mb4 COLLATE utf8mb4_0900_ai_ci NOT NULL,
  `content` longblob NULL,
  `operation` varchar(20) CHARACTER SET utf8mb4 COLLATE utf8mb4_0900_ai_ci NOT NULL,
  `category` varchar(20) CHARACTER SET utf8mb4 COLLATE utf8mb4_0900_ai_ci NULL DEFAULT NULL,
  `generated_at` datetime(3) NOT NULL,
  `created_at` datetime(3) NULL DEFAULT NULL,
  `updated_at` datetime(3) NULL DEFAULT NULL,
  `deleted_at` datetime(3) NULL DEFAULT NULL,
  PRIMARY KEY (`id`) USING BTREE,
  INDEX `idx_generated_configs_gateway_id`(`gateway_id` ASC) USING BTREE,
  INDEX `idx_generated_configs_deleted_at`(`deleted_at` ASC) USING BTREE
) ENGINE = InnoDB AUTO_INCREMENT = 86 CHARACTER SET = utf8mb4 COLLATE = utf8mb4_0900_ai_ci ROW_FORMAT = DYNAMIC;

-- ----------------------------
-- Records of generated_configs
-- ----------------------------
INSERT INTO `generated_configs` VALUES (6, '11001', '20250418041308_11001_Full.json', 'full', 'C:\\Users\\yangmq42\\gateway_config\\20250418041308_11001_Full.json', 0x7B0A20202020226F7065726174696F6E223A2022696E6974222C0A2020202022726F757465223A20223131303031222C0A202020202274696D657374616D70223A2022323032352D30342D31382030343A31333A3038222C0A202020202276657273696F6E223A2022312E30222C0A202020202264617461223A207B0A202020202020202022757365725F696E666F223A205B5D2C0A2020202020202020226465766963655F696E666F223A207B0A202020202020202020202020226465766963655F6964223A20223131303031222C0A202020202020202020202020226C6F6E675F61646472657373223A2022643166313A643065383A666333343A356136343A663932313A346363623A643139653A34653937222C0A2020202020202020202020202273686F72745F61646472657373223A202237454237222C0A202020202020202020202020227365735F6B6579223A2022666B756D3064756E6A3831574956444D222C0A20202020202020202020202022636F6E6E6563745F616464726573735F6C697374223A205B5D0A20202020202020207D2C0A202020202020202022636F6E6669675F696E666F223A207B0A202020202020202020202020226465766963655F6D6F6465223A202231220A20202020202020207D0A202020207D0A7D, 'init', '', '2025-04-18 04:13:08.635', '2025-04-18 04:13:08.635', '2025-04-18 04:13:08.635', NULL);
INSERT INTO `generated_configs` VALUES (7, '11002', '20250418041308_11002_Full.json', 'full', 'C:\\Users\\yangmq42\\gateway_config\\20250418041308_11002_Full.json', 0x7B0A20202020226F7065726174696F6E223A2022696E6974222C0A2020202022726F757465223A20223131303032222C0A202020202274696D657374616D70223A2022323032352D30342D31382030343A31333A3038222C0A202020202276657273696F6E223A2022312E30222C0A202020202264617461223A207B0A202020202020202022757365725F696E666F223A205B5D2C0A2020202020202020226465766963655F696E666F223A207B0A202020202020202020202020226465766963655F6964223A20223131303032222C0A202020202020202020202020226C6F6E675F61646472657373223A2022616533393A323537353A306139653A656632643A313038663A306436623A656538363A38393638222C0A2020202020202020202020202273686F72745F61646472657373223A202234423832222C0A202020202020202020202020227365735F6B6579223A20224E6451583248476E4D6357326C493276222C0A20202020202020202020202022636F6E6E6563745F616464726573735F6C697374223A205B5D0A20202020202020207D2C0A202020202020202022636F6E6669675F696E666F223A207B0A202020202020202020202020226465766963655F6D6F6465223A202231220A20202020202020207D0A202020207D0A7D, 'init', '', '2025-04-18 04:13:08.644', '2025-04-18 04:13:08.644', '2025-04-18 04:13:08.644', NULL);
INSERT INTO `generated_configs` VALUES (8, '11003', '20250418041308_11003_Full.json', 'full', 'C:\\Users\\yangmq42\\gateway_config\\20250418041308_11003_Full.json', 0x7B0A20202020226F7065726174696F6E223A2022696E6974222C0A2020202022726F757465223A20223131303033222C0A202020202274696D657374616D70223A2022323032352D30342D31382030343A31333A3038222C0A202020202276657273696F6E223A2022312E30222C0A202020202264617461223A207B0A202020202020202022757365725F696E666F223A205B5D2C0A2020202020202020226465766963655F696E666F223A207B0A202020202020202020202020226465766963655F6964223A20223131303033222C0A202020202020202020202020226C6F6E675F61646472657373223A2022306262653A356336343A643266623A383735623A373432643A636636323A383165323A30333434222C0A2020202020202020202020202273686F72745F61646472657373223A202235304433222C0A202020202020202020202020227365735F6B6579223A20226A384F397968466C7373423263484132222C0A20202020202020202020202022636F6E6E6563745F616464726573735F6C697374223A205B5D0A20202020202020207D2C0A202020202020202022636F6E6669675F696E666F223A207B0A202020202020202020202020226465766963655F6D6F6465223A202231220A20202020202020207D0A202020207D0A7D, 'init', '', '2025-04-18 04:13:08.653', '2025-04-18 04:13:08.653', '2025-04-18 04:13:08.653', NULL);
INSERT INTO `generated_configs` VALUES (9, '11004', '20250418041308_11004_Full.json', 'full', 'C:\\Users\\yangmq42\\gateway_config\\20250418041308_11004_Full.json', 0x7B0A20202020226F7065726174696F6E223A2022696E6974222C0A2020202022726F757465223A20223131303034222C0A202020202274696D657374616D70223A2022323032352D30342D31382030343A31333A3038222C0A202020202276657273696F6E223A2022312E30222C0A202020202264617461223A207B0A202020202020202022757365725F696E666F223A205B5D2C0A2020202020202020226465766963655F696E666F223A207B0A202020202020202020202020226465766963655F6964223A20223131303034222C0A202020202020202020202020226C6F6E675F61646472657373223A2022393038613A323538373A653638663A656663363A346664313A653766313A636665353A35623263222C0A2020202020202020202020202273686F72745F61646472657373223A202235433737222C0A202020202020202020202020227365735F6B6579223A202249694C304337794A4C47436E6E303830222C0A20202020202020202020202022636F6E6E6563745F616464726573735F6C697374223A205B5D0A20202020202020207D2C0A202020202020202022636F6E6669675F696E666F223A207B0A202020202020202020202020226465766963655F6D6F6465223A202231220A20202020202020207D0A202020207D0A7D, 'init', '', '2025-04-18 04:13:08.662', '2025-04-18 04:13:08.662', '2025-04-18 04:13:08.662', NULL);
INSERT INTO `generated_configs` VALUES (10, '11005', '20250418041308_11005_Full.json', 'full', 'C:\\Users\\yangmq42\\gateway_config\\20250418041308_11005_Full.json', 0x7B0A20202020226F7065726174696F6E223A2022696E6974222C0A2020202022726F757465223A20223131303035222C0A202020202274696D657374616D70223A2022323032352D30342D31382030343A31333A3038222C0A202020202276657273696F6E223A2022312E30222C0A202020202264617461223A207B0A202020202020202022757365725F696E666F223A205B5D2C0A2020202020202020226465766963655F696E666F223A207B0A202020202020202020202020226465766963655F6964223A20223131303035222C0A202020202020202020202020226C6F6E675F61646472657373223A2022623534373A386563663A643761373A326162323A383933343A386534303A663663363A32343230222C0A2020202020202020202020202273686F72745F61646472657373223A202236394241222C0A202020202020202020202020227365735F6B6579223A2022494D33775251555750706E767A624D36222C0A20202020202020202020202022636F6E6E6563745F616464726573735F6C697374223A205B5D0A20202020202020207D2C0A202020202020202022636F6E6669675F696E666F223A207B0A202020202020202020202020226465766963655F6D6F6465223A202231220A20202020202020207D0A202020207D0A7D, 'init', '', '2025-04-18 04:13:08.671', '2025-04-18 04:13:08.671', '2025-04-18 04:13:08.671', NULL);
INSERT INTO `generated_configs` VALUES (11, '11006', '20250418041308_11006_Full.json', 'full', 'C:\\Users\\yangmq42\\gateway_config\\20250418041308_11006_Full.json', 0x7B0A20202020226F7065726174696F6E223A2022696E6974222C0A2020202022726F757465223A20223131303036222C0A202020202274696D657374616D70223A2022323032352D30342D31382030343A31333A3038222C0A202020202276657273696F6E223A2022312E30222C0A202020202264617461223A207B0A202020202020202022757365725F696E666F223A205B5D2C0A2020202020202020226465766963655F696E666F223A207B0A202020202020202020202020226465766963655F6964223A20223131303036222C0A202020202020202020202020226C6F6E675F61646472657373223A2022613030653A653462663A383566313A303764353A623062643A336162643A646337613A33393039222C0A2020202020202020202020202273686F72745F61646472657373223A202234413035222C0A202020202020202020202020227365735F6B6579223A20227557536546577373684D4A726B413351222C0A20202020202020202020202022636F6E6E6563745F616464726573735F6C697374223A205B5D0A20202020202020207D2C0A202020202020202022636F6E6669675F696E666F223A207B0A202020202020202020202020226465766963655F6D6F6465223A202231220A20202020202020207D0A202020207D0A7D, 'init', '', '2025-04-18 04:13:08.679', '2025-04-18 04:13:08.679', '2025-04-18 04:13:08.679', NULL);
INSERT INTO `generated_configs` VALUES (12, '11007', '20250418041308_11007_Full.json', 'full', 'C:\\Users\\yangmq42\\gateway_config\\20250418041308_11007_Full.json', 0x7B0A20202020226F7065726174696F6E223A2022696E6974222C0A2020202022726F757465223A20223131303037222C0A202020202274696D657374616D70223A2022323032352D30342D31382030343A31333A3038222C0A202020202276657273696F6E223A2022312E30222C0A202020202264617461223A207B0A202020202020202022757365725F696E666F223A205B5D2C0A2020202020202020226465766963655F696E666F223A207B0A202020202020202020202020226465766963655F6964223A20223131303037222C0A202020202020202020202020226C6F6E675F61646472657373223A2022376461613A383131633A376336643A356638653A623262363A366235313A666163623A31643934222C0A2020202020202020202020202273686F72745F61646472657373223A202242323941222C0A202020202020202020202020227365735F6B6579223A2022593577666C516E3737474E3161436846222C0A20202020202020202020202022636F6E6E6563745F616464726573735F6C697374223A205B5D0A20202020202020207D2C0A202020202020202022636F6E6669675F696E666F223A207B0A202020202020202020202020226465766963655F6D6F6465223A202231220A20202020202020207D0A202020207D0A7D, 'init', '', '2025-04-18 04:13:08.688', '2025-04-18 04:13:08.688', '2025-04-18 04:13:08.688', NULL);
INSERT INTO `generated_configs` VALUES (13, '11008', '20250418041308_11008_Full.json', 'full', 'C:\\Users\\yangmq42\\gateway_config\\20250418041308_11008_Full.json', 0x7B0A20202020226F7065726174696F6E223A2022696E6974222C0A2020202022726F757465223A20223131303038222C0A202020202274696D657374616D70223A2022323032352D30342D31382030343A31333A3038222C0A202020202276657273696F6E223A2022312E30222C0A202020202264617461223A207B0A202020202020202022757365725F696E666F223A205B5D2C0A2020202020202020226465766963655F696E666F223A207B0A202020202020202020202020226465766963655F6964223A20223131303038222C0A202020202020202020202020226C6F6E675F61646472657373223A2022623565333A663437313A636533333A396265333A326134373A326232613A336437663A34383935222C0A2020202020202020202020202273686F72745F61646472657373223A202232464632222C0A202020202020202020202020227365735F6B6579223A202250524467707671464669744344544368222C0A20202020202020202020202022636F6E6E6563745F616464726573735F6C697374223A205B5D0A20202020202020207D2C0A202020202020202022636F6E6669675F696E666F223A207B0A202020202020202020202020226465766963655F6D6F6465223A202231220A20202020202020207D0A202020207D0A7D, 'init', '', '2025-04-18 04:13:08.697', '2025-04-18 04:13:08.697', '2025-04-18 04:13:08.697', NULL);
INSERT INTO `generated_configs` VALUES (14, '11009', '20250418041308_11009_Full.json', 'full', 'C:\\Users\\yangmq42\\gateway_config\\20250418041308_11009_Full.json', 0x7B0A20202020226F7065726174696F6E223A2022696E6974222C0A2020202022726F757465223A20223131303039222C0A202020202274696D657374616D70223A2022323032352D30342D31382030343A31333A3038222C0A202020202276657273696F6E223A2022312E30222C0A202020202264617461223A207B0A202020202020202022757365725F696E666F223A205B5D2C0A2020202020202020226465766963655F696E666F223A207B0A202020202020202020202020226465766963655F6964223A20223131303039222C0A202020202020202020202020226C6F6E675F61646472657373223A2022623064343A303036393A633165353A613239383A306535623A666536393A346337613A34303631222C0A2020202020202020202020202273686F72745F61646472657373223A202246364631222C0A202020202020202020202020227365735F6B6579223A2022724D53664A76536B5A50443371625033222C0A20202020202020202020202022636F6E6E6563745F616464726573735F6C697374223A205B5D0A20202020202020207D2C0A202020202020202022636F6E6669675F696E666F223A207B0A202020202020202020202020226465766963655F6D6F6465223A202231220A20202020202020207D0A202020207D0A7D, 'init', '', '2025-04-18 04:13:08.705', '2025-04-18 04:13:08.705', '2025-04-18 04:13:08.705', NULL);
INSERT INTO `generated_configs` VALUES (15, 'GW123456', '20250418041308_GW123456_Full.json', 'full', 'C:\\Users\\yangmq42\\gateway_config\\20250418041308_GW123456_Full.json', 0x7B0A20202020226F7065726174696F6E223A2022696E6974222C0A2020202022726F757465223A20224757313233343536222C0A202020202274696D657374616D70223A2022323032352D30342D31382030343A31333A3038222C0A202020202276657273696F6E223A2022312E30222C0A202020202264617461223A207B0A202020202020202022757365725F696E666F223A205B0A2020202020202020202020207B0A2020202020202020202020202020202022757365725F6964223A202255534552303031222C0A2020202020202020202020202020202022757365725F6E616D65223A20225465737455736572222C0A2020202020202020202020202020202022706173735F7764223A202270617373776F7264313233222C0A2020202020202020202020202020202022676174657761795F6964223A20224757313233343536222C0A2020202020202020202020202020202022757365725F74797065223A202231222C0A2020202020202020202020202020202022757365725F636F6E6E6563745F6C697374223A205B0A20202020202020202020202020202020202020202255534552303032222C0A20202020202020202020202020202020202020202255534552303032220A202020202020202020202020202020205D0A2020202020202020202020207D0A20202020202020205D2C0A2020202020202020226465766963655F696E666F223A207B0A202020202020202020202020226465766963655F6964223A20224757313233343536222C0A202020202020202020202020226C6F6E675F61646472657373223A2022303031313232333334343535222C0A2020202020202020202020202273686F72745F61646472657373223A202236363737222C0A202020202020202020202020227365735F6B6579223A2022746573747365736B6579222C0A20202020202020202020202022636F6E6E6563745F616464726573735F6C697374223A205B5D0A20202020202020207D2C0A202020202020202022636F6E6669675F696E666F223A207B0A202020202020202020202020226465766963655F6D6F6465223A202231220A20202020202020207D0A202020207D0A7D, 'init', '', '2025-04-18 04:13:08.713', '2025-04-18 04:13:08.713', '2025-04-18 04:13:08.713', NULL);
INSERT INTO `generated_configs` VALUES (16, '11001', '20250419103014_11001_incremental.json', 'incremental', 'C:\\Users\\yangmq42\\gateway_config\\20250419103014_11001_incremental.json', 0x7B0A20202020226F7065726174696F6E223A2022637265617465222C0A202020202263617465676F7279223A2022757365725F696E666F222C0A2020202022726F757465223A20223131303031222C0A202020202274696D657374616D70223A2022323032352D30342D31392031303A33303A3134222C0A202020202276657273696F6E223A2022312E30222C0A202020202264617461223A207B0A202020202020202022757365725F696E666F223A205B0A2020202020202020202020207B0A2020202020202020202020202020202022757365725F6964223A20227531303030305F31222C0A2020202020202020202020202020202022757365725F6E616D65223A2022757365725F31313030315F31222C0A2020202020202020202020202020202022706173735F7764223A202270617373686D4D6265595335222C0A2020202020202020202020202020202022676174657761795F6964223A20223131303031222C0A2020202020202020202020202020202022757365725F74797065223A202231222C0A2020202020202020202020202020202022757365725F636F6E6E6563745F6C697374223A205B5D0A2020202020202020202020207D0A20202020202020205D0A202020207D0A7D, 'create', 'user_info', '2025-04-19 10:30:14.652', '2025-04-19 10:30:14.652', '2025-04-19 10:30:14.652', NULL);
INSERT INTO `generated_configs` VALUES (17, '11001', '20250419104457_11001_incremental.json', 'incremental', 'C:\\Users\\yangmq42\\gateway_config\\20250419104457_11001_incremental.json', 0x7B0A20202020226F7065726174696F6E223A2022637265617465222C0A202020202263617465676F7279223A2022757365725F696E666F222C0A2020202022726F757465223A20223131303031222C0A202020202274696D657374616D70223A2022323032352D30342D31392031303A34343A3537222C0A202020202276657273696F6E223A2022312E30222C0A202020202264617461223A207B0A202020202020202022757365725F696E666F223A205B0A2020202020202020202020207B0A2020202020202020202020202020202022757365725F6964223A20227531303030325F33222C0A2020202020202020202020202020202022757365725F6E616D65223A2022757365725F31313030315F33222C0A2020202020202020202020202020202022706173735F7764223A2022313233343532313136373837222C0A2020202020202020202020202020202022676174657761795F6964223A20223131303031222C0A2020202020202020202020202020202022757365725F74797065223A202231222C0A2020202020202020202020202020202022757365725F636F6E6E6563745F6C697374223A205B5D0A2020202020202020202020207D0A20202020202020205D0A202020207D0A7D, 'create', 'user_info', '2025-04-19 10:44:57.431', '2025-04-19 10:44:57.431', '2025-04-19 10:44:57.431', NULL);
INSERT INTO `generated_configs` VALUES (18, '11001', '20250420112844_11001_incremental.json', 'incremental', 'C:\\Users\\yangmq42\\gateway_config\\20250420112844_11001_incremental.json', 0x7B0A20202020226F7065726174696F6E223A20226D6F64696679222C0A202020202263617465676F7279223A2022757365725F696E666F222C0A2020202022726F757465223A20223131303031222C0A202020202274696D657374616D70223A2022323032352D30342D32302031313A32383A3434222C0A202020202276657273696F6E223A2022312E30222C0A202020202264617461223A207B0A202020202020202022757365725F696E666F223A205B0A2020202020202020202020207B0A2020202020202020202020202020202022757365725F6964223A20227531303030365F32222C0A2020202020202020202020202020202022757365725F6E616D65223A202268656C6C6F5F776F726C64222C0A2020202020202020202020202020202022706173735F7764223A2022706173734D367A6A384F3979222C0A2020202020202020202020202020202022676174657761795F6964223A20223131303031222C0A2020202020202020202020202020202022757365725F74797065223A202232222C0A2020202020202020202020202020202022757365725F636F6E6E6563745F6C697374223A205B5D0A2020202020202020202020207D0A20202020202020205D0A202020207D0A7D, 'modify', 'user_info', '2025-04-20 11:28:44.545', '2025-04-20 11:28:44.545', '2025-04-20 11:28:44.545', NULL);
INSERT INTO `generated_configs` VALUES (19, '11004', '20250420125042_11004_incremental.json', 'incremental', 'C:\\Users\\yangmq42\\gateway_config\\20250420125042_11004_incremental.json', 0x7B0A20202020226F7065726174696F6E223A2022637265617465222C0A202020202263617465676F7279223A2022757365725F696E666F222C0A2020202022726F757465223A20223131303034222C0A202020202274696D657374616D70223A2022323032352D30342D32302031323A35303A3432222C0A202020202276657273696F6E223A2022312E30222C0A202020202264617461223A207B0A202020202020202022757365725F696E666F223A205B0A2020202020202020202020207B0A2020202020202020202020202020202022757365725F6964223A20225531323135345F313233333235343837222C0A2020202020202020202020202020202022757365725F6E616D65223A2022323032353033323131313233222C0A2020202020202020202020202020202022706173735F7764223A2022323032353033323232313330222C0A2020202020202020202020202020202022676174657761795F6964223A20223131303034222C0A2020202020202020202020202020202022757365725F74797065223A202231222C0A2020202020202020202020202020202022757365725F636F6E6E6563745F6C697374223A205B5D0A2020202020202020202020207D0A20202020202020205D0A202020207D0A7D, 'create', 'user_info', '2025-04-20 12:50:42.138', '2025-04-20 12:50:42.138', '2025-04-20 12:50:42.138', NULL);
INSERT INTO `generated_configs` VALUES (20, '11001', '20250420134142_11001_incremental.json', 'incremental', 'C:\\Users\\yangmq42\\gateway_config\\20250420134142_11001_incremental.json', 0x7B0A20202020226F7065726174696F6E223A20226D6F64696679222C0A202020202263617465676F7279223A2022757365725F696E666F222C0A2020202022726F757465223A20223131303031222C0A202020202274696D657374616D70223A2022323032352D30342D32302031333A34313A3432222C0A202020202276657273696F6E223A2022312E30222C0A202020202264617461223A207B0A202020202020202022757365725F696E666F223A205B0A2020202020202020202020207B0A2020202020202020202020202020202022757365725F6964223A20227531303030365F32222C0A2020202020202020202020202020202022757365725F6E616D65223A2022222C0A2020202020202020202020202020202022706173735F7764223A202268656C6C6F5F776F726C6431313131222C0A2020202020202020202020202020202022676174657761795F6964223A2022222C0A2020202020202020202020202020202022757365725F74797065223A2022222C0A2020202020202020202020202020202022757365725F636F6E6E6563745F6C697374223A206E756C6C0A2020202020202020202020207D0A20202020202020205D0A202020207D0A7D, 'modify', 'user_info', '2025-04-20 13:41:42.217', '2025-04-20 13:41:42.217', '2025-04-20 13:41:42.217', NULL);
INSERT INTO `generated_configs` VALUES (21, 'GW00000111212', '20250420140207_GW00000111212_Full.json', 'full', 'C:\\Users\\yangmq42\\gateway_config\\20250420140207_GW00000111212_Full.json', 0x7B0A20202020226F7065726174696F6E223A2022696E6974222C0A2020202022726F757465223A202247573030303030313131323132222C0A202020202274696D657374616D70223A2022323032352D30342D32302031343A30323A3037222C0A202020202276657273696F6E223A2022312E30222C0A202020202264617461223A207B0A202020202020202022757365725F696E666F223A205B5D2C0A2020202020202020226465766963655F696E666F223A207B0A202020202020202020202020226465766963655F6964223A202247573030303030313131323132222C0A202020202020202020202020226C6F6E675F61646472657373223A202237413A34423A3346222C0A2020202020202020202020202273686F72745F61646472657373223A20223137322E3137372E313131222C0A202020202020202020202020227365735F6B6579223A2022415344464443565A43563132335344463132222C0A20202020202020202020202022636F6E6E6563745F616464726573735F6C697374223A205B5D0A20202020202020207D2C0A202020202020202022636F6E6669675F696E666F223A207B0A202020202020202020202020226465766963655F6D6F6465223A202231220A20202020202020207D0A202020207D0A7D, 'init', '', '2025-04-20 14:02:07.499', '2025-04-20 14:02:07.499', '2025-04-20 14:02:07.499', NULL);
INSERT INTO `generated_configs` VALUES (22, 'TEST_GW_1745138278', '20250420163758_TEST_GW_1745138278_Full.json', 'full', 'C:\\Users\\yangmq42\\gateway_config\\20250420163758_TEST_GW_1745138278_Full.json', 0x7B0A20202020226F7065726174696F6E223A2022696E6974222C0A2020202022726F757465223A2022544553545F47575F31373435313338323738222C0A202020202274696D657374616D70223A2022323032352D30342D32302031363A33373A3538222C0A202020202276657273696F6E223A2022312E30222C0A202020202264617461223A207B0A202020202020202022757365725F696E666F223A205B5D2C0A2020202020202020226465766963655F696E666F223A207B0A202020202020202020202020226465766963655F6964223A2022544553545F47575F31373435313338323738222C0A202020202020202020202020226C6F6E675F61646472657373223A2022323030313A306462383A383561333A303030303A303030303A386132653A303337303A37333334222C0A2020202020202020202020202273686F72745F61646472657373223A202230303A31313A32323A3333222C0A202020202020202020202020227365735F6B6579223A2022746573745F7365735F6B6579222C0A20202020202020202020202022636F6E6E6563745F616464726573735F6C697374223A205B5D0A20202020202020207D2C0A202020202020202022636F6E6669675F696E666F223A207B0A202020202020202020202020226465766963655F6D6F6465223A202231220A20202020202020207D0A202020207D0A7D, 'init', '', '2025-04-20 16:37:58.420', '2025-04-20 16:37:58.421', '2025-04-20 16:37:58.421', NULL);
INSERT INTO `generated_configs` VALUES (23, 'TEST_GW_1745138278', '20250420163758_TEST_GW_1745138278_Full.json', 'full', 'C:\\Users\\yangmq42\\gateway_config\\20250420163758_TEST_GW_1745138278_Full.json', 0x7B0A20202020226F7065726174696F6E223A2022696E6974222C0A2020202022726F757465223A2022544553545F47575F31373435313338323738222C0A202020202274696D657374616D70223A2022323032352D30342D32302031363A33373A3538222C0A202020202276657273696F6E223A2022312E30222C0A202020202264617461223A207B0A202020202020202022757365725F696E666F223A205B5D2C0A2020202020202020226465766963655F696E666F223A207B0A202020202020202020202020226465766963655F6964223A2022544553545F47575F31373435313338323738222C0A202020202020202020202020226C6F6E675F61646472657373223A2022323030313A306462383A383561333A303030303A303030303A386132653A303337303A37333334222C0A2020202020202020202020202273686F72745F61646472657373223A202230303A31313A32323A3333222C0A202020202020202020202020227365735F6B6579223A2022746573745F7365735F6B6579222C0A20202020202020202020202022636F6E6E6563745F616464726573735F6C697374223A205B5D0A20202020202020207D2C0A202020202020202022636F6E6669675F696E666F223A207B0A202020202020202020202020226465766963655F6D6F6465223A202231220A20202020202020207D0A202020207D0A7D, 'init', '', '2025-04-20 16:37:58.529', '2025-04-20 16:37:58.529', '2025-04-20 16:37:58.529', NULL);
INSERT INTO `generated_configs` VALUES (24, 'TEST_GW_1745138278', '20250420163758_TEST_GW_1745138278_incremental.json', 'incremental', 'C:\\Users\\yangmq42\\gateway_config\\20250420163758_TEST_GW_1745138278_incremental.json', 0x7B0A202020202263617465676F7279223A20226465766963655F696E666F222C0A202020202264617461223A207B0A2020202020202020226465766963655F696E666F223A207B0A202020202020202020202020226465766963655F6964223A2022544553545F47575F31373435313338323738222C0A202020202020202020202020226C6F6E675F61646472657373223A2022323030313A306462383A383561333A303030303A303030303A386132653A303337303A39393939222C0A2020202020202020202020202273686F72745F61646472657373223A202230303A31313A32323A3333222C0A202020202020202020202020227365735F6B6579223A2022746573745F7365735F6B6579222C0A20202020202020202020202022636F6E6E6563745F616464726573735F6C697374223A205B5D0A20202020202020207D0A202020207D2C0A20202020226F7065726174696F6E223A20226D6F64696679222C0A2020202022726F757465223A2022544553545F47575F31373435313338323738222C0A202020202274696D657374616D70223A2022323032352D30342D32302031363A33373A3538222C0A202020202276657273696F6E223A2022312E30220A7D, 'modify', 'device_info', '2025-04-20 16:37:58.544', '2025-04-20 16:37:58.544', '2025-04-20 16:37:58.544', NULL);
INSERT INTO `generated_configs` VALUES (25, 'TEST_GW_1745138278', '20250420163758_TEST_GW_1745138278_Full.json', 'full', 'C:\\Users\\yangmq42\\gateway_config\\20250420163758_TEST_GW_1745138278_Full.json', 0x7B0A20202020226F7065726174696F6E223A2022696E6974222C0A2020202022726F757465223A2022544553545F47575F31373435313338323738222C0A202020202274696D657374616D70223A2022323032352D30342D32302031363A33373A3538222C0A202020202276657273696F6E223A2022312E30222C0A202020202264617461223A207B0A202020202020202022757365725F696E666F223A205B5D2C0A2020202020202020226465766963655F696E666F223A207B0A202020202020202020202020226465766963655F6964223A2022544553545F47575F31373435313338323738222C0A202020202020202020202020226C6F6E675F61646472657373223A2022323030313A306462383A383561333A303030303A303030303A386132653A303337303A37333334222C0A2020202020202020202020202273686F72745F61646472657373223A202230303A31313A32323A3333222C0A202020202020202020202020227365735F6B6579223A2022746573745F7365735F6B6579222C0A20202020202020202020202022636F6E6E6563745F616464726573735F6C697374223A205B5D0A20202020202020207D2C0A202020202020202022636F6E6669675F696E666F223A207B0A202020202020202020202020226465766963655F6D6F6465223A202231220A20202020202020207D0A202020207D0A7D, 'init', '', '2025-04-20 16:37:58.641', '2025-04-20 16:37:58.641', '2025-04-20 16:37:58.641', NULL);
INSERT INTO `generated_configs` VALUES (26, 'TEST_GW_1745138278', '20250420163758_TEST_GW_1745138278_incremental.json', 'incremental', 'C:\\Users\\yangmq42\\gateway_config\\20250420163758_TEST_GW_1745138278_incremental.json', 0x7B0A202020202263617465676F7279223A20226465766963655F696E666F222C0A202020202264617461223A207B0A2020202020202020226465766963655F696E666F223A207B0A202020202020202020202020226465766963655F6964223A2022544553545F47575F31373435313338323738222C0A202020202020202020202020226C6F6E675F61646472657373223A2022323030313A306462383A383561333A303030303A303030303A386132653A303337303A37333334222C0A2020202020202020202020202273686F72745F61646472657373223A202230303A31313A32323A3333222C0A202020202020202020202020227365735F6B6579223A2022746573745F7365735F6B6579222C0A20202020202020202020202022636F6E6E6563745F616464726573735F6C697374223A205B5D0A20202020202020207D0A202020207D2C0A20202020226F7065726174696F6E223A202264656C657465222C0A2020202022726F757465223A2022544553545F47575F31373435313338323738222C0A202020202274696D657374616D70223A2022323032352D30342D32302031363A33373A3538222C0A202020202276657273696F6E223A2022312E30220A7D, 'delete', 'device_info', '2025-04-20 16:37:58.672', '2025-04-20 16:37:58.672', '2025-04-20 16:37:58.672', NULL);
INSERT INTO `generated_configs` VALUES (27, 'INVALID_GW_1745138278', '20250420163758_INVALID_GW_1745138278_Full.json', 'full', 'C:\\Users\\yangmq42\\gateway_config\\20250420163758_INVALID_GW_1745138278_Full.json', 0x7B0A20202020226F7065726174696F6E223A2022696E6974222C0A2020202022726F757465223A2022494E56414C49445F47575F31373435313338323738222C0A202020202274696D657374616D70223A2022323032352D30342D32302031363A33373A3538222C0A202020202276657273696F6E223A2022312E30222C0A202020202264617461223A207B0A202020202020202022757365725F696E666F223A205B5D2C0A2020202020202020226465766963655F696E666F223A207B0A202020202020202020202020226465766963655F6964223A2022494E56414C49445F47575F31373435313338323738222C0A202020202020202020202020226C6F6E675F61646472657373223A2022222C0A2020202020202020202020202273686F72745F61646472657373223A2022222C0A202020202020202020202020227365735F6B6579223A2022222C0A20202020202020202020202022636F6E6E6563745F616464726573735F6C697374223A205B5D0A20202020202020207D2C0A202020202020202022636F6E6669675F696E666F223A207B0A202020202020202020202020226465766963655F6D6F6465223A202231220A20202020202020207D0A202020207D0A7D, 'init', '', '2025-04-20 16:37:58.771', '2025-04-20 16:37:58.771', '2025-04-20 16:37:58.771', NULL);
INSERT INTO `generated_configs` VALUES (28, 'TEST_GW_1745138278', '20250420163758_TEST_GW_1745138278_Full.json', 'full', 'C:\\Users\\yangmq42\\gateway_config\\20250420163758_TEST_GW_1745138278_Full.json', 0x7B0A20202020226F7065726174696F6E223A2022696E6974222C0A2020202022726F757465223A2022544553545F47575F31373435313338323738222C0A202020202274696D657374616D70223A2022323032352D30342D32302031363A33373A3538222C0A202020202276657273696F6E223A2022312E30222C0A202020202264617461223A207B0A202020202020202022757365725F696E666F223A205B5D2C0A2020202020202020226465766963655F696E666F223A207B0A202020202020202020202020226465766963655F6964223A2022544553545F47575F31373435313338323738222C0A202020202020202020202020226C6F6E675F61646472657373223A2022323030313A306462383A383561333A303030303A303030303A386132653A303337303A37333334222C0A2020202020202020202020202273686F72745F61646472657373223A202230303A31313A32323A3333222C0A202020202020202020202020227365735F6B6579223A2022746573745F7365735F6B6579222C0A20202020202020202020202022636F6E6E6563745F616464726573735F6C697374223A205B5D0A20202020202020207D2C0A202020202020202022636F6E6669675F696E666F223A207B0A202020202020202020202020226465766963655F6D6F6465223A202231220A20202020202020207D0A202020207D0A7D, 'init', '', '2025-04-20 16:37:58.878', '2025-04-20 16:37:58.878', '2025-04-20 16:37:58.878', NULL);
INSERT INTO `generated_configs` VALUES (29, 'TEST_GW_1745138278', '20250420163758_TEST_GW_1745138278_Full.json', 'full', 'C:\\Users\\yangmq42\\gateway_config\\20250420163758_TEST_GW_1745138278_Full.json', 0x7B0A20202020226F7065726174696F6E223A2022696E6974222C0A2020202022726F757465223A2022544553545F47575F31373435313338323738222C0A202020202274696D657374616D70223A2022323032352D30342D32302031363A33373A3538222C0A202020202276657273696F6E223A2022312E30222C0A202020202264617461223A207B0A202020202020202022757365725F696E666F223A205B5D2C0A2020202020202020226465766963655F696E666F223A207B0A202020202020202020202020226465766963655F6964223A2022544553545F47575F31373435313338323738222C0A202020202020202020202020226C6F6E675F61646472657373223A2022323030313A306462383A383561333A303030303A303030303A386132653A303337303A37333334222C0A2020202020202020202020202273686F72745F61646472657373223A202230303A31313A32323A3333222C0A202020202020202020202020227365735F6B6579223A2022746573745F7365735F6B6579222C0A20202020202020202020202022636F6E6E6563745F616464726573735F6C697374223A205B5D0A20202020202020207D2C0A202020202020202022636F6E6669675F696E666F223A207B0A202020202020202020202020226465766963655F6D6F6465223A202231220A20202020202020207D0A202020207D0A7D, 'init', '', '2025-04-20 16:37:58.979', '2025-04-20 16:37:58.979', '2025-04-20 16:37:58.979', NULL);
INSERT INTO `generated_configs` VALUES (30, 'TEST_GW_1745138278', '20250420163758_TEST_GW_1745138278_incremental.json', 'incremental', 'C:\\Users\\yangmq42\\gateway_config\\20250420163758_TEST_GW_1745138278_incremental.json', 0x7B0A202020202263617465676F7279223A20226465766963655F696E666F222C0A202020202264617461223A207B0A2020202020202020226465766963655F696E666F223A207B0A202020202020202020202020226465766963655F6964223A2022544553545F47575F31373435313338323738222C0A202020202020202020202020226C6F6E675F61646472657373223A2022323030313A306462383A383561333A303030303A303030303A386132653A303337303A37333334222C0A2020202020202020202020202273686F72745F61646472657373223A202239393A38383A37373A3636222C0A202020202020202020202020227365735F6B6579223A2022746573745F7365735F6B6579222C0A20202020202020202020202022636F6E6E6563745F616464726573735F6C697374223A205B5D0A20202020202020207D0A202020207D2C0A20202020226F7065726174696F6E223A20226D6F64696679222C0A2020202022726F757465223A2022544553545F47575F31373435313338323738222C0A202020202274696D657374616D70223A2022323032352D30342D32302031363A33373A3538222C0A202020202276657273696F6E223A2022312E30220A7D, 'modify', 'device_info', '2025-04-20 16:37:58.990', '2025-04-20 16:37:58.990', '2025-04-20 16:37:58.990', NULL);
INSERT INTO `generated_configs` VALUES (31, 'TEST_GW_1745138733', '20250420164533_TEST_GW_1745138733_Full.json', 'full', 'C:\\Users\\yangmq42\\gateway_config\\20250420164533_TEST_GW_1745138733_Full.json', 0x7B0A20202020226F7065726174696F6E223A2022696E6974222C0A2020202022726F757465223A2022544553545F47575F31373435313338373333222C0A202020202274696D657374616D70223A2022323032352D30342D32302031363A34353A3333222C0A202020202276657273696F6E223A2022312E30222C0A202020202264617461223A207B0A202020202020202022757365725F696E666F223A205B5D2C0A2020202020202020226465766963655F696E666F223A207B0A202020202020202020202020226465766963655F6964223A2022544553545F47575F31373435313338373333222C0A202020202020202020202020226C6F6E675F61646472657373223A2022323030313A306462383A383561333A303030303A303030303A386132653A303337303A37333334222C0A2020202020202020202020202273686F72745F61646472657373223A202230303A31313A32323A3333222C0A202020202020202020202020227365735F6B6579223A2022746573745F7365735F6B6579222C0A20202020202020202020202022636F6E6E6563745F616464726573735F6C697374223A205B5D0A20202020202020207D2C0A202020202020202022636F6E6669675F696E666F223A207B0A202020202020202020202020226465766963655F6D6F6465223A202231220A20202020202020207D0A202020207D0A7D, 'init', '', '2025-04-20 16:45:33.698', '2025-04-20 16:45:33.698', '2025-04-20 16:45:33.698', NULL);
INSERT INTO `generated_configs` VALUES (32, 'TEST_GW_1745138733', '20250420164533_TEST_GW_1745138733_Full.json', 'full', 'C:\\Users\\yangmq42\\gateway_config\\20250420164533_TEST_GW_1745138733_Full.json', 0x7B0A20202020226F7065726174696F6E223A2022696E6974222C0A2020202022726F757465223A2022544553545F47575F31373435313338373333222C0A202020202274696D657374616D70223A2022323032352D30342D32302031363A34353A3333222C0A202020202276657273696F6E223A2022312E30222C0A202020202264617461223A207B0A202020202020202022757365725F696E666F223A205B5D2C0A2020202020202020226465766963655F696E666F223A207B0A202020202020202020202020226465766963655F6964223A2022544553545F47575F31373435313338373333222C0A202020202020202020202020226C6F6E675F61646472657373223A2022323030313A306462383A383561333A303030303A303030303A386132653A303337303A37333334222C0A2020202020202020202020202273686F72745F61646472657373223A202230303A31313A32323A3333222C0A202020202020202020202020227365735F6B6579223A2022746573745F7365735F6B6579222C0A20202020202020202020202022636F6E6E6563745F616464726573735F6C697374223A205B5D0A20202020202020207D2C0A202020202020202022636F6E6669675F696E666F223A207B0A202020202020202020202020226465766963655F6D6F6465223A202231220A20202020202020207D0A202020207D0A7D, 'init', '', '2025-04-20 16:45:33.794', '2025-04-20 16:45:33.794', '2025-04-20 16:45:33.794', NULL);
INSERT INTO `generated_configs` VALUES (33, 'TEST_GW_1745138733', '20250420164533_TEST_GW_1745138733_incremental.json', 'incremental', 'C:\\Users\\yangmq42\\gateway_config\\20250420164533_TEST_GW_1745138733_incremental.json', 0x7B0A202020202263617465676F7279223A20226465766963655F696E666F222C0A202020202264617461223A207B0A2020202020202020226465766963655F696E666F223A207B0A202020202020202020202020226465766963655F6964223A2022544553545F47575F31373435313338373333222C0A202020202020202020202020226C6F6E675F61646472657373223A2022323030313A306462383A383561333A303030303A303030303A386132653A303337303A39393939222C0A2020202020202020202020202273686F72745F61646472657373223A202230303A31313A32323A3333222C0A202020202020202020202020227365735F6B6579223A2022746573745F7365735F6B6579222C0A20202020202020202020202022636F6E6E6563745F616464726573735F6C697374223A205B5D0A20202020202020207D2C0A202020202020202022757365725F696E666F223A205B5D0A202020207D2C0A20202020226F7065726174696F6E223A20226D6F64696679222C0A2020202022726F757465223A2022544553545F47575F31373435313338373333222C0A202020202274696D657374616D70223A2022323032352D30342D32302031363A34353A3333222C0A202020202276657273696F6E223A2022312E30220A7D, 'modify', 'device_info', '2025-04-20 16:45:33.806', '2025-04-20 16:45:33.806', '2025-04-20 16:45:33.806', NULL);
INSERT INTO `generated_configs` VALUES (34, 'TEST_GW_1745138733', '20250420164533_TEST_GW_1745138733_Full.json', 'full', 'C:\\Users\\yangmq42\\gateway_config\\20250420164533_TEST_GW_1745138733_Full.json', 0x7B0A20202020226F7065726174696F6E223A2022696E6974222C0A2020202022726F757465223A2022544553545F47575F31373435313338373333222C0A202020202274696D657374616D70223A2022323032352D30342D32302031363A34353A3333222C0A202020202276657273696F6E223A2022312E30222C0A202020202264617461223A207B0A202020202020202022757365725F696E666F223A205B5D2C0A2020202020202020226465766963655F696E666F223A207B0A202020202020202020202020226465766963655F6964223A2022544553545F47575F31373435313338373333222C0A202020202020202020202020226C6F6E675F61646472657373223A2022323030313A306462383A383561333A303030303A303030303A386132653A303337303A37333334222C0A2020202020202020202020202273686F72745F61646472657373223A202230303A31313A32323A3333222C0A202020202020202020202020227365735F6B6579223A2022746573745F7365735F6B6579222C0A20202020202020202020202022636F6E6E6563745F616464726573735F6C697374223A205B5D0A20202020202020207D2C0A202020202020202022636F6E6669675F696E666F223A207B0A202020202020202020202020226465766963655F6D6F6465223A202231220A20202020202020207D0A202020207D0A7D, 'init', '', '2025-04-20 16:45:33.900', '2025-04-20 16:45:33.900', '2025-04-20 16:45:33.900', NULL);
INSERT INTO `generated_configs` VALUES (35, 'TEST_GW_1745138733', '20250420164533_TEST_GW_1745138733_incremental.json', 'incremental', 'C:\\Users\\yangmq42\\gateway_config\\20250420164533_TEST_GW_1745138733_incremental.json', 0x7B0A202020202263617465676F7279223A20226465766963655F696E666F222C0A202020202264617461223A207B0A2020202020202020226465766963655F696E666F223A207B0A202020202020202020202020226465766963655F6964223A2022544553545F47575F31373435313338373333222C0A202020202020202020202020226C6F6E675F61646472657373223A2022323030313A306462383A383561333A303030303A303030303A386132653A303337303A37333334222C0A2020202020202020202020202273686F72745F61646472657373223A202230303A31313A32323A3333222C0A202020202020202020202020227365735F6B6579223A2022746573745F7365735F6B6579222C0A20202020202020202020202022636F6E6E6563745F616464726573735F6C697374223A205B5D0A20202020202020207D2C0A202020202020202022757365725F696E666F223A205B5D0A202020207D2C0A20202020226F7065726174696F6E223A202264656C657465222C0A2020202022726F757465223A2022544553545F47575F31373435313338373333222C0A202020202274696D657374616D70223A2022323032352D30342D32302031363A34353A3333222C0A202020202276657273696F6E223A2022312E30220A7D, 'delete', 'device_info', '2025-04-20 16:45:33.913', '2025-04-20 16:45:33.913', '2025-04-20 16:45:33.913', NULL);
INSERT INTO `generated_configs` VALUES (36, 'INVALID_GW_1745138733', '20250420164534_INVALID_GW_1745138733_Full.json', 'full', 'C:\\Users\\yangmq42\\gateway_config\\20250420164534_INVALID_GW_1745138733_Full.json', 0x7B0A20202020226F7065726174696F6E223A2022696E6974222C0A2020202022726F757465223A2022494E56414C49445F47575F31373435313338373333222C0A202020202274696D657374616D70223A2022323032352D30342D32302031363A34353A3334222C0A202020202276657273696F6E223A2022312E30222C0A202020202264617461223A207B0A202020202020202022757365725F696E666F223A205B5D2C0A2020202020202020226465766963655F696E666F223A207B0A202020202020202020202020226465766963655F6964223A2022494E56414C49445F47575F31373435313338373333222C0A202020202020202020202020226C6F6E675F61646472657373223A2022222C0A2020202020202020202020202273686F72745F61646472657373223A2022222C0A202020202020202020202020227365735F6B6579223A2022222C0A20202020202020202020202022636F6E6E6563745F616464726573735F6C697374223A205B5D0A20202020202020207D2C0A202020202020202022636F6E6669675F696E666F223A207B0A202020202020202020202020226465766963655F6D6F6465223A202231220A20202020202020207D0A202020207D0A7D, 'init', '', '2025-04-20 16:45:34.005', '2025-04-20 16:45:34.005', '2025-04-20 16:45:34.005', NULL);
INSERT INTO `generated_configs` VALUES (37, 'TEST_GW_1745138734', '20250420164534_TEST_GW_1745138734_Full.json', 'full', 'C:\\Users\\yangmq42\\gateway_config\\20250420164534_TEST_GW_1745138734_Full.json', 0x7B0A20202020226F7065726174696F6E223A2022696E6974222C0A2020202022726F757465223A2022544553545F47575F31373435313338373334222C0A202020202274696D657374616D70223A2022323032352D30342D32302031363A34353A3334222C0A202020202276657273696F6E223A2022312E30222C0A202020202264617461223A207B0A202020202020202022757365725F696E666F223A205B5D2C0A2020202020202020226465766963655F696E666F223A207B0A202020202020202020202020226465766963655F6964223A2022544553545F47575F31373435313338373334222C0A202020202020202020202020226C6F6E675F61646472657373223A2022323030313A306462383A383561333A303030303A303030303A386132653A303337303A37333334222C0A2020202020202020202020202273686F72745F61646472657373223A202230303A31313A32323A3333222C0A202020202020202020202020227365735F6B6579223A2022746573745F7365735F6B6579222C0A20202020202020202020202022636F6E6E6563745F616464726573735F6C697374223A205B5D0A20202020202020207D2C0A202020202020202022636F6E6669675F696E666F223A207B0A202020202020202020202020226465766963655F6D6F6465223A202231220A20202020202020207D0A202020207D0A7D, 'init', '', '2025-04-20 16:45:34.096', '2025-04-20 16:45:34.096', '2025-04-20 16:45:34.096', NULL);
INSERT INTO `generated_configs` VALUES (38, 'TEST_GW_1745138734', '20250420164534_TEST_GW_1745138734_Full.json', 'full', 'C:\\Users\\yangmq42\\gateway_config\\20250420164534_TEST_GW_1745138734_Full.json', 0x7B0A20202020226F7065726174696F6E223A2022696E6974222C0A2020202022726F757465223A2022544553545F47575F31373435313338373334222C0A202020202274696D657374616D70223A2022323032352D30342D32302031363A34353A3334222C0A202020202276657273696F6E223A2022312E30222C0A202020202264617461223A207B0A202020202020202022757365725F696E666F223A205B5D2C0A2020202020202020226465766963655F696E666F223A207B0A202020202020202020202020226465766963655F6964223A2022544553545F47575F31373435313338373334222C0A202020202020202020202020226C6F6E675F61646472657373223A2022323030313A306462383A383561333A303030303A303030303A386132653A303337303A37333334222C0A2020202020202020202020202273686F72745F61646472657373223A202230303A31313A32323A3333222C0A202020202020202020202020227365735F6B6579223A2022746573745F7365735F6B6579222C0A20202020202020202020202022636F6E6E6563745F616464726573735F6C697374223A205B5D0A20202020202020207D2C0A202020202020202022636F6E6669675F696E666F223A207B0A202020202020202020202020226465766963655F6D6F6465223A202231220A20202020202020207D0A202020207D0A7D, 'init', '', '2025-04-20 16:45:34.193', '2025-04-20 16:45:34.193', '2025-04-20 16:45:34.193', NULL);
INSERT INTO `generated_configs` VALUES (39, 'TEST_GW_1745138734', '20250420164534_TEST_GW_1745138734_incremental.json', 'incremental', 'C:\\Users\\yangmq42\\gateway_config\\20250420164534_TEST_GW_1745138734_incremental.json', 0x7B0A202020202263617465676F7279223A20226465766963655F696E666F222C0A202020202264617461223A207B0A2020202020202020226465766963655F696E666F223A207B0A202020202020202020202020226465766963655F6964223A2022544553545F47575F31373435313338373334222C0A202020202020202020202020226C6F6E675F61646472657373223A2022323030313A306462383A383561333A303030303A303030303A386132653A303337303A37333334222C0A2020202020202020202020202273686F72745F61646472657373223A202239393A38383A37373A3636222C0A202020202020202020202020227365735F6B6579223A2022746573745F7365735F6B6579222C0A20202020202020202020202022636F6E6E6563745F616464726573735F6C697374223A205B5D0A20202020202020207D2C0A202020202020202022757365725F696E666F223A205B5D0A202020207D2C0A20202020226F7065726174696F6E223A20226D6F64696679222C0A2020202022726F757465223A2022544553545F47575F31373435313338373334222C0A202020202274696D657374616D70223A2022323032352D30342D32302031363A34353A3334222C0A202020202276657273696F6E223A2022312E30220A7D, 'modify', 'device_info', '2025-04-20 16:45:34.206', '2025-04-20 16:45:34.207', '2025-04-20 16:45:34.207', NULL);
INSERT INTO `generated_configs` VALUES (40, 'TEST_GW_1745138781', '20250420164621_TEST_GW_1745138781_Full.json', 'full', 'C:\\Users\\yangmq42\\gateway_config\\20250420164621_TEST_GW_1745138781_Full.json', 0x7B0A20202020226F7065726174696F6E223A2022696E6974222C0A2020202022726F757465223A2022544553545F47575F31373435313338373831222C0A202020202274696D657374616D70223A2022323032352D30342D32302031363A34363A3231222C0A202020202276657273696F6E223A2022312E30222C0A202020202264617461223A207B0A202020202020202022757365725F696E666F223A205B5D2C0A2020202020202020226465766963655F696E666F223A207B0A202020202020202020202020226465766963655F6964223A2022544553545F47575F31373435313338373831222C0A202020202020202020202020226C6F6E675F61646472657373223A2022323030313A306462383A383561333A303030303A303030303A386132653A303337303A37333334222C0A2020202020202020202020202273686F72745F61646472657373223A202230303A31313A32323A3333222C0A202020202020202020202020227365735F6B6579223A2022746573745F7365735F6B6579222C0A20202020202020202020202022636F6E6E6563745F616464726573735F6C697374223A205B5D0A20202020202020207D2C0A202020202020202022636F6E6669675F696E666F223A207B0A202020202020202020202020226465766963655F6D6F6465223A202231220A20202020202020207D0A202020207D0A7D, 'init', '', '2025-04-20 16:46:21.167', '2025-04-20 16:46:21.167', '2025-04-20 16:46:21.167', NULL);
INSERT INTO `generated_configs` VALUES (41, 'TEST_GW_1745138781', '20250420164621_TEST_GW_1745138781_Full.json', 'full', 'C:\\Users\\yangmq42\\gateway_config\\20250420164621_TEST_GW_1745138781_Full.json', 0x7B0A20202020226F7065726174696F6E223A2022696E6974222C0A2020202022726F757465223A2022544553545F47575F31373435313338373831222C0A202020202274696D657374616D70223A2022323032352D30342D32302031363A34363A3231222C0A202020202276657273696F6E223A2022312E30222C0A202020202264617461223A207B0A202020202020202022757365725F696E666F223A205B5D2C0A2020202020202020226465766963655F696E666F223A207B0A202020202020202020202020226465766963655F6964223A2022544553545F47575F31373435313338373831222C0A202020202020202020202020226C6F6E675F61646472657373223A2022323030313A306462383A383561333A303030303A303030303A386132653A303337303A37333334222C0A2020202020202020202020202273686F72745F61646472657373223A202230303A31313A32323A3333222C0A202020202020202020202020227365735F6B6579223A2022746573745F7365735F6B6579222C0A20202020202020202020202022636F6E6E6563745F616464726573735F6C697374223A205B5D0A20202020202020207D2C0A202020202020202022636F6E6669675F696E666F223A207B0A202020202020202020202020226465766963655F6D6F6465223A202231220A20202020202020207D0A202020207D0A7D, 'init', '', '2025-04-20 16:46:21.284', '2025-04-20 16:46:21.284', '2025-04-20 16:46:21.284', NULL);
INSERT INTO `generated_configs` VALUES (42, 'TEST_GW_1745138781', '20250420164621_TEST_GW_1745138781_incremental.json', 'incremental', 'C:\\Users\\yangmq42\\gateway_config\\20250420164621_TEST_GW_1745138781_incremental.json', 0x7B0A202020202263617465676F7279223A20226465766963655F696E666F222C0A202020202264617461223A207B0A2020202020202020226465766963655F696E666F223A207B0A202020202020202020202020226465766963655F6964223A2022544553545F47575F31373435313338373831222C0A202020202020202020202020226C6F6E675F61646472657373223A2022323030313A306462383A383561333A303030303A303030303A386132653A303337303A39393939222C0A2020202020202020202020202273686F72745F61646472657373223A202230303A31313A32323A3333222C0A202020202020202020202020227365735F6B6579223A2022746573745F7365735F6B6579222C0A20202020202020202020202022636F6E6E6563745F616464726573735F6C697374223A205B5D0A20202020202020207D2C0A202020202020202022757365725F696E666F223A205B5D0A202020207D2C0A20202020226F7065726174696F6E223A20226D6F64696679222C0A2020202022726F757465223A2022544553545F47575F31373435313338373831222C0A202020202274696D657374616D70223A2022323032352D30342D32302031363A34363A3231222C0A202020202276657273696F6E223A2022312E30220A7D, 'modify', 'device_info', '2025-04-20 16:46:21.299', '2025-04-20 16:46:21.299', '2025-04-20 16:46:21.299', NULL);
INSERT INTO `generated_configs` VALUES (43, 'TEST_GW_1745138781', '20250420164621_TEST_GW_1745138781_Full.json', 'full', 'C:\\Users\\yangmq42\\gateway_config\\20250420164621_TEST_GW_1745138781_Full.json', 0x7B0A20202020226F7065726174696F6E223A2022696E6974222C0A2020202022726F757465223A2022544553545F47575F31373435313338373831222C0A202020202274696D657374616D70223A2022323032352D30342D32302031363A34363A3231222C0A202020202276657273696F6E223A2022312E30222C0A202020202264617461223A207B0A202020202020202022757365725F696E666F223A205B5D2C0A2020202020202020226465766963655F696E666F223A207B0A202020202020202020202020226465766963655F6964223A2022544553545F47575F31373435313338373831222C0A202020202020202020202020226C6F6E675F61646472657373223A2022323030313A306462383A383561333A303030303A303030303A386132653A303337303A37333334222C0A2020202020202020202020202273686F72745F61646472657373223A202230303A31313A32323A3333222C0A202020202020202020202020227365735F6B6579223A2022746573745F7365735F6B6579222C0A20202020202020202020202022636F6E6E6563745F616464726573735F6C697374223A205B5D0A20202020202020207D2C0A202020202020202022636F6E6669675F696E666F223A207B0A202020202020202020202020226465766963655F6D6F6465223A202231220A20202020202020207D0A202020207D0A7D, 'init', '', '2025-04-20 16:46:21.392', '2025-04-20 16:46:21.392', '2025-04-20 16:46:21.392', NULL);
INSERT INTO `generated_configs` VALUES (44, 'TEST_GW_1745138781', '20250420164621_TEST_GW_1745138781_incremental.json', 'incremental', 'C:\\Users\\yangmq42\\gateway_config\\20250420164621_TEST_GW_1745138781_incremental.json', 0x7B0A202020202263617465676F7279223A20226465766963655F696E666F222C0A202020202264617461223A207B0A2020202020202020226465766963655F696E666F223A207B0A202020202020202020202020226465766963655F6964223A2022544553545F47575F31373435313338373831222C0A202020202020202020202020226C6F6E675F61646472657373223A2022323030313A306462383A383561333A303030303A303030303A386132653A303337303A37333334222C0A2020202020202020202020202273686F72745F61646472657373223A202230303A31313A32323A3333222C0A202020202020202020202020227365735F6B6579223A2022746573745F7365735F6B6579222C0A20202020202020202020202022636F6E6E6563745F616464726573735F6C697374223A205B5D0A20202020202020207D2C0A202020202020202022757365725F696E666F223A205B5D0A202020207D2C0A20202020226F7065726174696F6E223A202264656C657465222C0A2020202022726F757465223A2022544553545F47575F31373435313338373831222C0A202020202274696D657374616D70223A2022323032352D30342D32302031363A34363A3231222C0A202020202276657273696F6E223A2022312E30220A7D, 'delete', 'device_info', '2025-04-20 16:46:21.404', '2025-04-20 16:46:21.404', '2025-04-20 16:46:21.404', NULL);
INSERT INTO `generated_configs` VALUES (45, 'INVALID_GW_1745138781', '20250420164621_INVALID_GW_1745138781_Full.json', 'full', 'C:\\Users\\yangmq42\\gateway_config\\20250420164621_INVALID_GW_1745138781_Full.json', 0x7B0A20202020226F7065726174696F6E223A2022696E6974222C0A2020202022726F757465223A2022494E56414C49445F47575F31373435313338373831222C0A202020202274696D657374616D70223A2022323032352D30342D32302031363A34363A3231222C0A202020202276657273696F6E223A2022312E30222C0A202020202264617461223A207B0A202020202020202022757365725F696E666F223A205B5D2C0A2020202020202020226465766963655F696E666F223A207B0A202020202020202020202020226465766963655F6964223A2022494E56414C49445F47575F31373435313338373831222C0A202020202020202020202020226C6F6E675F61646472657373223A2022222C0A2020202020202020202020202273686F72745F61646472657373223A2022222C0A202020202020202020202020227365735F6B6579223A2022222C0A20202020202020202020202022636F6E6E6563745F616464726573735F6C697374223A205B5D0A20202020202020207D2C0A202020202020202022636F6E6669675F696E666F223A207B0A202020202020202020202020226465766963655F6D6F6465223A202231220A20202020202020207D0A202020207D0A7D, 'init', '', '2025-04-20 16:46:21.494', '2025-04-20 16:46:21.494', '2025-04-20 16:46:21.494', NULL);
INSERT INTO `generated_configs` VALUES (46, 'TEST_GW_1745138781', '20250420164621_TEST_GW_1745138781_Full.json', 'full', 'C:\\Users\\yangmq42\\gateway_config\\20250420164621_TEST_GW_1745138781_Full.json', 0x7B0A20202020226F7065726174696F6E223A2022696E6974222C0A2020202022726F757465223A2022544553545F47575F31373435313338373831222C0A202020202274696D657374616D70223A2022323032352D30342D32302031363A34363A3231222C0A202020202276657273696F6E223A2022312E30222C0A202020202264617461223A207B0A202020202020202022757365725F696E666F223A205B5D2C0A2020202020202020226465766963655F696E666F223A207B0A202020202020202020202020226465766963655F6964223A2022544553545F47575F31373435313338373831222C0A202020202020202020202020226C6F6E675F61646472657373223A2022323030313A306462383A383561333A303030303A303030303A386132653A303337303A37333334222C0A2020202020202020202020202273686F72745F61646472657373223A202230303A31313A32323A3333222C0A202020202020202020202020227365735F6B6579223A2022746573745F7365735F6B6579222C0A20202020202020202020202022636F6E6E6563745F616464726573735F6C697374223A205B5D0A20202020202020207D2C0A202020202020202022636F6E6669675F696E666F223A207B0A202020202020202020202020226465766963655F6D6F6465223A202231220A20202020202020207D0A202020207D0A7D, 'init', '', '2025-04-20 16:46:21.593', '2025-04-20 16:46:21.593', '2025-04-20 16:46:21.593', NULL);
INSERT INTO `generated_configs` VALUES (47, 'TEST_GW_1745138781', '20250420164621_TEST_GW_1745138781_Full.json', 'full', 'C:\\Users\\yangmq42\\gateway_config\\20250420164621_TEST_GW_1745138781_Full.json', 0x7B0A20202020226F7065726174696F6E223A2022696E6974222C0A2020202022726F757465223A2022544553545F47575F31373435313338373831222C0A202020202274696D657374616D70223A2022323032352D30342D32302031363A34363A3231222C0A202020202276657273696F6E223A2022312E30222C0A202020202264617461223A207B0A202020202020202022757365725F696E666F223A205B5D2C0A2020202020202020226465766963655F696E666F223A207B0A202020202020202020202020226465766963655F6964223A2022544553545F47575F31373435313338373831222C0A202020202020202020202020226C6F6E675F61646472657373223A2022323030313A306462383A383561333A303030303A303030303A386132653A303337303A37333334222C0A2020202020202020202020202273686F72745F61646472657373223A202230303A31313A32323A3333222C0A202020202020202020202020227365735F6B6579223A2022746573745F7365735F6B6579222C0A20202020202020202020202022636F6E6E6563745F616464726573735F6C697374223A205B5D0A20202020202020207D2C0A202020202020202022636F6E6669675F696E666F223A207B0A202020202020202020202020226465766963655F6D6F6465223A202231220A20202020202020207D0A202020207D0A7D, 'init', '', '2025-04-20 16:46:21.690', '2025-04-20 16:46:21.690', '2025-04-20 16:46:21.690', NULL);
INSERT INTO `generated_configs` VALUES (48, 'TEST_GW_1745138781', '20250420164621_TEST_GW_1745138781_incremental.json', 'incremental', 'C:\\Users\\yangmq42\\gateway_config\\20250420164621_TEST_GW_1745138781_incremental.json', 0x7B0A202020202263617465676F7279223A20226465766963655F696E666F222C0A202020202264617461223A207B0A2020202020202020226465766963655F696E666F223A207B0A202020202020202020202020226465766963655F6964223A2022544553545F47575F31373435313338373831222C0A202020202020202020202020226C6F6E675F61646472657373223A2022323030313A306462383A383561333A303030303A303030303A386132653A303337303A37333334222C0A2020202020202020202020202273686F72745F61646472657373223A202239393A38383A37373A3636222C0A202020202020202020202020227365735F6B6579223A2022746573745F7365735F6B6579222C0A20202020202020202020202022636F6E6E6563745F616464726573735F6C697374223A205B5D0A20202020202020207D2C0A202020202020202022757365725F696E666F223A205B5D0A202020207D2C0A20202020226F7065726174696F6E223A20226D6F64696679222C0A2020202022726F757465223A2022544553545F47575F31373435313338373831222C0A202020202274696D657374616D70223A2022323032352D30342D32302031363A34363A3231222C0A202020202276657273696F6E223A2022312E30220A7D, 'modify', 'device_info', '2025-04-20 16:46:21.703', '2025-04-20 16:46:21.703', '2025-04-20 16:46:21.703', NULL);
INSERT INTO `generated_configs` VALUES (49, 'TEST_GW_1745139281', '20250420165441_TEST_GW_1745139281_Full.json', 'full', 'C:\\Users\\yangmq42\\gateway_config\\20250420165441_TEST_GW_1745139281_Full.json', 0x7B0A20202020226F7065726174696F6E223A2022696E6974222C0A2020202022726F757465223A2022544553545F47575F31373435313339323831222C0A202020202274696D657374616D70223A2022323032352D30342D32302031363A35343A3431222C0A202020202276657273696F6E223A2022312E30222C0A202020202264617461223A207B0A202020202020202022757365725F696E666F223A205B5D2C0A2020202020202020226465766963655F696E666F223A207B0A202020202020202020202020226465766963655F6964223A2022544553545F47575F31373435313339323831222C0A202020202020202020202020226C6F6E675F61646472657373223A2022323030313A306462383A383561333A303030303A303030303A386132653A303337303A37333334222C0A2020202020202020202020202273686F72745F61646472657373223A202230303A31313A32323A3333222C0A202020202020202020202020227365735F6B6579223A2022746573745F7365735F6B6579222C0A20202020202020202020202022636F6E6E6563745F616464726573735F6C697374223A205B5D0A20202020202020207D2C0A202020202020202022636F6E6669675F696E666F223A207B0A202020202020202020202020226465766963655F6D6F6465223A202231220A20202020202020207D0A202020207D0A7D, 'init', '', '2025-04-20 16:54:41.852', '2025-04-20 16:54:41.852', '2025-04-20 16:54:41.852', NULL);
INSERT INTO `generated_configs` VALUES (50, 'TEST_GW_1745139281', '20250420165441_TEST_GW_1745139281_Full.json', 'full', 'C:\\Users\\yangmq42\\gateway_config\\20250420165441_TEST_GW_1745139281_Full.json', 0x7B0A20202020226F7065726174696F6E223A2022696E6974222C0A2020202022726F757465223A2022544553545F47575F31373435313339323831222C0A202020202274696D657374616D70223A2022323032352D30342D32302031363A35343A3431222C0A202020202276657273696F6E223A2022312E30222C0A202020202264617461223A207B0A202020202020202022757365725F696E666F223A205B5D2C0A2020202020202020226465766963655F696E666F223A207B0A202020202020202020202020226465766963655F6964223A2022544553545F47575F31373435313339323831222C0A202020202020202020202020226C6F6E675F61646472657373223A2022323030313A306462383A383561333A303030303A303030303A386132653A303337303A37333334222C0A2020202020202020202020202273686F72745F61646472657373223A202230303A31313A32323A3333222C0A202020202020202020202020227365735F6B6579223A2022746573745F7365735F6B6579222C0A20202020202020202020202022636F6E6E6563745F616464726573735F6C697374223A205B5D0A20202020202020207D2C0A202020202020202022636F6E6669675F696E666F223A207B0A202020202020202020202020226465766963655F6D6F6465223A202231220A20202020202020207D0A202020207D0A7D, 'init', '', '2025-04-20 16:54:41.953', '2025-04-20 16:54:41.953', '2025-04-20 16:54:41.953', NULL);
INSERT INTO `generated_configs` VALUES (51, 'TEST_GW_1745139281', '20250420165441_TEST_GW_1745139281_incremental.json', 'incremental', 'C:\\Users\\yangmq42\\gateway_config\\20250420165441_TEST_GW_1745139281_incremental.json', 0x7B0A202020202263617465676F7279223A20226465766963655F696E666F222C0A202020202264617461223A207B0A2020202020202020226465766963655F696E666F223A207B0A202020202020202020202020226465766963655F6964223A2022544553545F47575F31373435313339323831222C0A202020202020202020202020226C6F6E675F61646472657373223A2022323030313A306462383A383561333A303030303A303030303A386132653A303337303A39393939222C0A2020202020202020202020202273686F72745F61646472657373223A202230303A31313A32323A3333222C0A202020202020202020202020227365735F6B6579223A2022746573745F7365735F6B6579222C0A20202020202020202020202022636F6E6E6563745F616464726573735F6C697374223A205B5D0A20202020202020207D2C0A202020202020202022757365725F696E666F223A205B5D0A202020207D2C0A20202020226F7065726174696F6E223A20226D6F64696679222C0A2020202022726F757465223A2022544553545F47575F31373435313339323831222C0A202020202274696D657374616D70223A2022323032352D30342D32302031363A35343A3431222C0A202020202276657273696F6E223A2022312E30220A7D, 'modify', 'device_info', '2025-04-20 16:54:41.966', '2025-04-20 16:54:41.966', '2025-04-20 16:54:41.966', NULL);
INSERT INTO `generated_configs` VALUES (52, 'TEST_GW_1745139282', '20250420165442_TEST_GW_1745139282_Full.json', 'full', 'C:\\Users\\yangmq42\\gateway_config\\20250420165442_TEST_GW_1745139282_Full.json', 0x7B0A20202020226F7065726174696F6E223A2022696E6974222C0A2020202022726F757465223A2022544553545F47575F31373435313339323832222C0A202020202274696D657374616D70223A2022323032352D30342D32302031363A35343A3432222C0A202020202276657273696F6E223A2022312E30222C0A202020202264617461223A207B0A202020202020202022757365725F696E666F223A205B5D2C0A2020202020202020226465766963655F696E666F223A207B0A202020202020202020202020226465766963655F6964223A2022544553545F47575F31373435313339323832222C0A202020202020202020202020226C6F6E675F61646472657373223A2022323030313A306462383A383561333A303030303A303030303A386132653A303337303A37333334222C0A2020202020202020202020202273686F72745F61646472657373223A202230303A31313A32323A3333222C0A202020202020202020202020227365735F6B6579223A2022746573745F7365735F6B6579222C0A20202020202020202020202022636F6E6E6563745F616464726573735F6C697374223A205B5D0A20202020202020207D2C0A202020202020202022636F6E6669675F696E666F223A207B0A202020202020202020202020226465766963655F6D6F6465223A202231220A20202020202020207D0A202020207D0A7D, 'init', '', '2025-04-20 16:54:42.058', '2025-04-20 16:54:42.058', '2025-04-20 16:54:42.058', NULL);
INSERT INTO `generated_configs` VALUES (53, 'TEST_GW_1745139282', '20250420165442_TEST_GW_1745139282_incremental.json', 'incremental', 'C:\\Users\\yangmq42\\gateway_config\\20250420165442_TEST_GW_1745139282_incremental.json', 0x7B0A202020202263617465676F7279223A20226465766963655F696E666F222C0A202020202264617461223A207B0A2020202020202020226465766963655F696E666F223A207B0A202020202020202020202020226465766963655F6964223A2022544553545F47575F31373435313339323832222C0A202020202020202020202020226C6F6E675F61646472657373223A2022323030313A306462383A383561333A303030303A303030303A386132653A303337303A37333334222C0A2020202020202020202020202273686F72745F61646472657373223A202230303A31313A32323A3333222C0A202020202020202020202020227365735F6B6579223A2022746573745F7365735F6B6579222C0A20202020202020202020202022636F6E6E6563745F616464726573735F6C697374223A205B5D0A20202020202020207D2C0A202020202020202022757365725F696E666F223A205B5D0A202020207D2C0A20202020226F7065726174696F6E223A202264656C657465222C0A2020202022726F757465223A2022544553545F47575F31373435313339323832222C0A202020202274696D657374616D70223A2022323032352D30342D32302031363A35343A3432222C0A202020202276657273696F6E223A2022312E30220A7D, 'delete', 'device_info', '2025-04-20 16:54:42.069', '2025-04-20 16:54:42.069', '2025-04-20 16:54:42.069', NULL);
INSERT INTO `generated_configs` VALUES (54, 'INVALID_GW_1745139282', '20250420165442_INVALID_GW_1745139282_Full.json', 'full', 'C:\\Users\\yangmq42\\gateway_config\\20250420165442_INVALID_GW_1745139282_Full.json', 0x7B0A20202020226F7065726174696F6E223A2022696E6974222C0A2020202022726F757465223A2022494E56414C49445F47575F31373435313339323832222C0A202020202274696D657374616D70223A2022323032352D30342D32302031363A35343A3432222C0A202020202276657273696F6E223A2022312E30222C0A202020202264617461223A207B0A202020202020202022757365725F696E666F223A205B5D2C0A2020202020202020226465766963655F696E666F223A207B0A202020202020202020202020226465766963655F6964223A2022494E56414C49445F47575F31373435313339323832222C0A202020202020202020202020226C6F6E675F61646472657373223A2022222C0A2020202020202020202020202273686F72745F61646472657373223A2022222C0A202020202020202020202020227365735F6B6579223A2022222C0A20202020202020202020202022636F6E6E6563745F616464726573735F6C697374223A205B5D0A20202020202020207D2C0A202020202020202022636F6E6669675F696E666F223A207B0A202020202020202020202020226465766963655F6D6F6465223A202231220A20202020202020207D0A202020207D0A7D, 'init', '', '2025-04-20 16:54:42.160', '2025-04-20 16:54:42.160', '2025-04-20 16:54:42.160', NULL);
INSERT INTO `generated_configs` VALUES (55, 'TEST_GW_1745139282', '20250420165442_TEST_GW_1745139282_Full.json', 'full', 'C:\\Users\\yangmq42\\gateway_config\\20250420165442_TEST_GW_1745139282_Full.json', 0x7B0A20202020226F7065726174696F6E223A2022696E6974222C0A2020202022726F757465223A2022544553545F47575F31373435313339323832222C0A202020202274696D657374616D70223A2022323032352D30342D32302031363A35343A3432222C0A202020202276657273696F6E223A2022312E30222C0A202020202264617461223A207B0A202020202020202022757365725F696E666F223A205B5D2C0A2020202020202020226465766963655F696E666F223A207B0A202020202020202020202020226465766963655F6964223A2022544553545F47575F31373435313339323832222C0A202020202020202020202020226C6F6E675F61646472657373223A2022323030313A306462383A383561333A303030303A303030303A386132653A303337303A37333334222C0A2020202020202020202020202273686F72745F61646472657373223A202230303A31313A32323A3333222C0A202020202020202020202020227365735F6B6579223A2022746573745F7365735F6B6579222C0A20202020202020202020202022636F6E6E6563745F616464726573735F6C697374223A205B5D0A20202020202020207D2C0A202020202020202022636F6E6669675F696E666F223A207B0A202020202020202020202020226465766963655F6D6F6465223A202231220A20202020202020207D0A202020207D0A7D, 'init', '', '2025-04-20 16:54:42.257', '2025-04-20 16:54:42.257', '2025-04-20 16:54:42.257', NULL);
INSERT INTO `generated_configs` VALUES (56, 'TEST_GW_1745139282', '20250420165442_TEST_GW_1745139282_Full.json', 'full', 'C:\\Users\\yangmq42\\gateway_config\\20250420165442_TEST_GW_1745139282_Full.json', 0x7B0A20202020226F7065726174696F6E223A2022696E6974222C0A2020202022726F757465223A2022544553545F47575F31373435313339323832222C0A202020202274696D657374616D70223A2022323032352D30342D32302031363A35343A3432222C0A202020202276657273696F6E223A2022312E30222C0A202020202264617461223A207B0A202020202020202022757365725F696E666F223A205B5D2C0A2020202020202020226465766963655F696E666F223A207B0A202020202020202020202020226465766963655F6964223A2022544553545F47575F31373435313339323832222C0A202020202020202020202020226C6F6E675F61646472657373223A2022323030313A306462383A383561333A303030303A303030303A386132653A303337303A37333334222C0A2020202020202020202020202273686F72745F61646472657373223A202230303A31313A32323A3333222C0A202020202020202020202020227365735F6B6579223A2022746573745F7365735F6B6579222C0A20202020202020202020202022636F6E6E6563745F616464726573735F6C697374223A205B5D0A20202020202020207D2C0A202020202020202022636F6E6669675F696E666F223A207B0A202020202020202020202020226465766963655F6D6F6465223A202231220A20202020202020207D0A202020207D0A7D, 'init', '', '2025-04-20 16:54:42.353', '2025-04-20 16:54:42.353', '2025-04-20 16:54:42.353', NULL);
INSERT INTO `generated_configs` VALUES (57, 'TEST_GW_1745139282', '20250420165442_TEST_GW_1745139282_incremental.json', 'incremental', 'C:\\Users\\yangmq42\\gateway_config\\20250420165442_TEST_GW_1745139282_incremental.json', 0x7B0A202020202263617465676F7279223A20226465766963655F696E666F222C0A202020202264617461223A207B0A2020202020202020226465766963655F696E666F223A207B0A202020202020202020202020226465766963655F6964223A2022544553545F47575F31373435313339323832222C0A202020202020202020202020226C6F6E675F61646472657373223A2022323030313A306462383A383561333A303030303A303030303A386132653A303337303A37333334222C0A2020202020202020202020202273686F72745F61646472657373223A202239393A38383A37373A3636222C0A202020202020202020202020227365735F6B6579223A2022746573745F7365735F6B6579222C0A20202020202020202020202022636F6E6E6563745F616464726573735F6C697374223A205B5D0A20202020202020207D2C0A202020202020202022757365725F696E666F223A205B5D0A202020207D2C0A20202020226F7065726174696F6E223A20226D6F64696679222C0A2020202022726F757465223A2022544553545F47575F31373435313339323832222C0A202020202274696D657374616D70223A2022323032352D30342D32302031363A35343A3432222C0A202020202276657273696F6E223A2022312E30220A7D, 'modify', 'device_info', '2025-04-20 16:54:42.364', '2025-04-20 16:54:42.364', '2025-04-20 16:54:42.364', NULL);
INSERT INTO `generated_configs` VALUES (58, '11001', '20250420165550_11001_incremental.json', 'incremental', 'C:\\Users\\yangmq42\\gateway_config\\20250420165550_11001_incremental.json', 0x7B0A20202020226F7065726174696F6E223A20226D6F64696679222C0A202020202263617465676F7279223A2022757365725F696E666F222C0A2020202022726F757465223A20223131303031222C0A202020202274696D657374616D70223A2022323032352D30342D32302031363A35353A3530222C0A202020202276657273696F6E223A2022312E30222C0A202020202264617461223A207B0A202020202020202022757365725F696E666F223A205B0A2020202020202020202020207B0A2020202020202020202020202020202022757365725F6964223A20227531303030365F32222C0A2020202020202020202020202020202022757365725F6E616D65223A2022222C0A2020202020202020202020202020202022706173735F7764223A202268656C6C6F5F77316F726C6431313131222C0A2020202020202020202020202020202022676174657761795F6964223A2022222C0A2020202020202020202020202020202022757365725F74797065223A2022222C0A2020202020202020202020202020202022757365725F636F6E6E6563745F6C697374223A206E756C6C0A2020202020202020202020207D0A20202020202020205D0A202020207D0A7D, 'modify', 'user_info', '2025-04-20 16:55:50.480', '2025-04-20 16:55:50.480', '2025-04-20 16:55:50.480', NULL);
INSERT INTO `generated_configs` VALUES (59, '11005', '20250420165652_11005_incremental.json', 'incremental', 'C:\\Users\\yangmq42\\gateway_config\\20250420165652_11005_incremental.json', 0x7B0A202020202263617465676F7279223A20226465766963655F696E666F222C0A202020202264617461223A207B0A2020202020202020226465766963655F696E666F223A207B0A202020202020202020202020226465766963655F6964223A20223131303035222C0A202020202020202020202020226C6F6E675F61646472657373223A2022623534373A386563663A643761373A326162323A383933343A386534303A663663363A32343230222C0A2020202020202020202020202273686F72745F61646472657373223A202236394241222C0A202020202020202020202020227365735F6B6579223A2022494D33775251555750706E767A624D36222C0A20202020202020202020202022636F6E6E6563745F616464726573735F6C697374223A205B5D0A20202020202020207D2C0A202020202020202022757365725F696E666F223A205B5D0A202020207D2C0A20202020226F7065726174696F6E223A20226D6F64696679222C0A2020202022726F757465223A20223131303035222C0A202020202274696D657374616D70223A2022323032352D30342D32302031363A35363A3532222C0A202020202276657273696F6E223A2022312E30220A7D, 'modify', 'device_info', '2025-04-20 16:56:52.029', '2025-04-20 16:56:52.029', '2025-04-20 16:56:52.029', NULL);
INSERT INTO `generated_configs` VALUES (60, '11005', '20250420165835_11005_incremental.json', 'incremental', 'C:\\Users\\yangmq42\\gateway_config\\20250420165835_11005_incremental.json', 0x7B0A202020202263617465676F7279223A20226465766963655F696E666F222C0A202020202264617461223A207B0A2020202020202020226465766963655F696E666F223A207B0A202020202020202020202020226465766963655F6964223A20223131303035222C0A202020202020202020202020226C6F6E675F61646472657373223A2022623534373A386563663A643761373A326162323A383933343A386534303A663663363A32343230222C0A2020202020202020202020202273686F72745F61646472657373223A202236394241222C0A202020202020202020202020227365735F6B6579223A202268656C6C6F5F67617431653131313131222C0A20202020202020202020202022636F6E6E6563745F616464726573735F6C697374223A205B5D0A20202020202020207D2C0A202020202020202022757365725F696E666F223A205B5D0A202020207D2C0A20202020226F7065726174696F6E223A20226D6F64696679222C0A2020202022726F757465223A20223131303035222C0A202020202274696D657374616D70223A2022323032352D30342D32302031363A35383A3335222C0A202020202276657273696F6E223A2022312E30220A7D, 'modify', 'device_info', '2025-04-20 16:58:35.379', '2025-04-20 16:58:35.379', '2025-04-20 16:58:35.379', NULL);
INSERT INTO `generated_configs` VALUES (61, '11005', '20250420170816_11005_incremental.json', 'incremental', 'C:\\Users\\yangmq42\\gateway_config\\20250420170816_11005_incremental.json', 0x7B0A202020202263617465676F7279223A20226465766963655F696E666F222C0A202020202264617461223A207B0A2020202020202020226465766963655F696E666F223A207B0A202020202020202020202020226465766963655F6964223A20223131303035222C0A202020202020202020202020226C6F6E675F61646472657373223A2022222C0A2020202020202020202020202273686F72745F61646472657373223A2022222C0A202020202020202020202020227365735F6B6579223A202268656C6C6F5F67613231653131313131222C0A20202020202020202020202022636F6E6E6563745F616464726573735F6C697374223A206E756C6C0A20202020202020207D2C0A202020202020202022757365725F696E666F223A205B5D0A202020207D2C0A20202020226F7065726174696F6E223A20226D6F64696679222C0A2020202022726F757465223A20223131303035222C0A202020202274696D657374616D70223A2022323032352D30342D32302031373A30383A3136222C0A202020202276657273696F6E223A2022312E30220A7D, 'modify', 'device_info', '2025-04-20 17:08:16.751', '2025-04-20 17:08:16.751', '2025-04-20 17:08:16.751', NULL);
INSERT INTO `generated_configs` VALUES (62, '11005', '20250420171143_11005_incremental.json', 'incremental', 'C:\\Users\\yangmq42\\gateway_config\\20250420171143_11005_incremental.json', 0x7B0A20202020226F7065726174696F6E223A2022637265617465222C0A202020202263617465676F7279223A2022757365725F696E666F222C0A2020202022726F757465223A20223131303035222C0A202020202274696D657374616D70223A2022323032352D30342D32302031373A31313A3433222C0A202020202276657273696F6E223A2022312E30222C0A202020202264617461223A207B0A202020202020202022757365725F696E666F223A205B0A2020202020202020202020207B0A2020202020202020202020202020202022757365725F6964223A20225531313335345F313233333235343837222C0A2020202020202020202020202020202022757365725F6E616D65223A202232303235303331313233222C0A2020202020202020202020202020202022706173735F7764223A2022323032353033323232313330222C0A2020202020202020202020202020202022676174657761795F6964223A20223131303035222C0A2020202020202020202020202020202022757365725F74797065223A202231222C0A2020202020202020202020202020202022757365725F636F6E6E6563745F6C697374223A205B5D0A2020202020202020202020207D0A20202020202020205D0A202020207D0A7D, 'create', 'user_info', '2025-04-20 17:11:43.595', '2025-04-20 17:11:43.596', '2025-04-20 17:11:43.596', NULL);
INSERT INTO `generated_configs` VALUES (63, '11001', '20250420171401_11001_incremental.json', 'incremental', 'C:\\Users\\yangmq42\\gateway_config\\20250420171401_11001_incremental.json', 0x7B0A20202020226F7065726174696F6E223A202264656C657465222C0A202020202263617465676F7279223A2022757365725F696E666F222C0A2020202022726F757465223A20223131303031222C0A202020202274696D657374616D70223A2022323032352D30342D32302031373A31343A3031222C0A202020202276657273696F6E223A2022312E30222C0A202020202264617461223A207B0A202020202020202022757365725F696E666F223A205B0A2020202020202020202020207B0A2020202020202020202020202020202022757365725F6964223A20227531303030365F32222C0A2020202020202020202020202020202022757365725F6E616D65223A202268656C6C6F5F776F726C64222C0A2020202020202020202020202020202022706173735F7764223A202268656C6C6F5F77316F726C6431313131222C0A2020202020202020202020202020202022676174657761795F6964223A20223131303031222C0A2020202020202020202020202020202022757365725F74797065223A202232222C0A2020202020202020202020202020202022757365725F636F6E6E6563745F6C697374223A205B5D0A2020202020202020202020207D0A20202020202020205D0A202020207D0A7D, 'delete', 'user_info', '2025-04-20 17:14:01.017', '2025-04-20 17:14:01.017', '2025-04-20 17:14:01.017', NULL);
INSERT INTO `generated_configs` VALUES (64, '11008', '20250420171535_11008_incremental.json', 'incremental', 'C:\\Users\\yangmq42\\gateway_config\\20250420171535_11008_incremental.json', 0x7B0A202020202263617465676F7279223A20226465766963655F696E666F222C0A202020202264617461223A207B0A2020202020202020226465766963655F696E666F223A207B0A202020202020202020202020226465766963655F6964223A20223131303038222C0A202020202020202020202020226C6F6E675F61646472657373223A2022623565333A663437313A636533333A396265333A326134373A326232613A336437663A34383935222C0A2020202020202020202020202273686F72745F61646472657373223A202232464632222C0A202020202020202020202020227365735F6B6579223A202250524467707671464669744344544368222C0A20202020202020202020202022636F6E6E6563745F616464726573735F6C697374223A205B5D0A20202020202020207D2C0A202020202020202022757365725F696E666F223A205B5D0A202020207D2C0A20202020226F7065726174696F6E223A202264656C657465222C0A2020202022726F757465223A20223131303038222C0A202020202274696D657374616D70223A2022323032352D30342D32302031373A31353A3335222C0A202020202276657273696F6E223A2022312E30220A7D, 'delete', 'device_info', '2025-04-20 17:15:35.389', '2025-04-20 17:15:35.389', '2025-04-20 17:15:35.389', NULL);
INSERT INTO `generated_configs` VALUES (65, '11001', '20250421230754_11001_incremental.json', 'incremental', 'C:\\Users\\yangmq42\\gateway_config\\20250421230754_11001_incremental.json', 0x7B0A20202020226F7065726174696F6E223A202264656C657465222C0A202020202263617465676F7279223A2022757365725F696E666F222C0A2020202022726F757465223A20223131303031222C0A202020202274696D657374616D70223A2022323032352D30342D32312032333A30373A3534222C0A202020202276657273696F6E223A2022312E30222C0A202020202264617461223A207B0A202020202020202022757365725F696E666F223A205B0A2020202020202020202020207B0A2020202020202020202020202020202022757365725F6964223A20227531303030365F32222C0A2020202020202020202020202020202022757365725F6E616D65223A202268656C6C6F5F776F726C64222C0A2020202020202020202020202020202022706173735F7764223A202232343331343332343234222C0A2020202020202020202020202020202022676174657761795F6964223A20223131303031222C0A2020202020202020202020202020202022757365725F74797065223A202232222C0A2020202020202020202020202020202022757365725F636F6E6E6563745F6C697374223A205B5D0A2020202020202020202020207D0A20202020202020205D0A202020207D0A7D, 'delete', 'user_info', '2025-04-21 23:07:54.254', '2025-04-21 23:07:54.255', '2025-04-21 23:07:54.255', NULL);
INSERT INTO `generated_configs` VALUES (66, '11001', '20250422002800_11001_incremental.json', 'incremental', 'C:\\Users\\yangmq42\\gateway_config\\20250422002800_11001_incremental.json', 0x7B0A202020202263617465676F7279223A20226465766963655F696E666F222C0A202020202264617461223A207B0A2020202020202020226465766963655F696E666F223A207B0A202020202020202020202020226465766963655F6964223A20223131303031222C0A202020202020202020202020226C6F6E675F61646472657373223A2022222C0A2020202020202020202020202273686F72745F61646472657373223A2022222C0A202020202020202020202020227365735F6B6579223A2022666B756D3064756E6A3831574956444D222C0A20202020202020202020202022636F6E6E6563745F616464726573735F6C697374223A206E756C6C0A20202020202020207D2C0A202020202020202022757365725F696E666F223A205B5D0A202020207D2C0A20202020226F7065726174696F6E223A20226D6F64696679222C0A2020202022726F757465223A20223131303031222C0A202020202274696D657374616D70223A2022323032352D30342D32322030303A32383A3030222C0A202020202276657273696F6E223A2022312E30220A7D, 'modify', 'device_info', '2025-04-22 00:28:00.987', '2025-04-22 00:28:00.987', '2025-04-22 00:28:00.987', NULL);
INSERT INTO `generated_configs` VALUES (67, '11001', '20250422013313_11001_incremental.json', 'incremental', 'C:\\Users\\yangmq42\\gateway_config\\20250422013313_11001_incremental.json', 0x7B0A202020202263617465676F7279223A20226465766963655F696E666F222C0A202020202264617461223A207B0A2020202020202020226465766963655F696E666F223A207B0A202020202020202020202020226465766963655F6964223A20223131303031222C0A202020202020202020202020226C6F6E675F61646472657373223A2022222C0A2020202020202020202020202273686F72745F61646472657373223A2022222C0A202020202020202020202020227365735F6B6579223A2022666B756D3064756E6A3831574956444D222C0A20202020202020202020202022636F6E6E6563745F616464726573735F6C697374223A206E756C6C0A20202020202020207D2C0A202020202020202022757365725F696E666F223A205B5D0A202020207D2C0A20202020226F7065726174696F6E223A20226D6F64696679222C0A2020202022726F757465223A20223131303031222C0A202020202274696D657374616D70223A2022323032352D30342D32322030313A33333A3133222C0A202020202276657273696F6E223A2022312E30220A7D, 'modify', 'device_info', '2025-04-22 01:33:13.759', '2025-04-22 01:33:13.759', '2025-04-22 01:33:13.759', NULL);
INSERT INTO `generated_configs` VALUES (68, '11001', '20250422113014_11001_incremental.json', 'incremental', 'C:\\Users\\yangmq42\\gateway_config\\20250422113014_11001_incremental.json', 0x7B0A20202020226F7065726174696F6E223A20226D6F64696679222C0A202020202263617465676F7279223A2022757365725F696E666F222C0A2020202022726F757465223A20223131303031222C0A202020202274696D657374616D70223A2022323032352D30342D32322031313A33303A3134222C0A202020202276657273696F6E223A2022312E30222C0A202020202264617461223A207B0A202020202020202022757365725F696E666F223A205B0A2020202020202020202020207B0A2020202020202020202020202020202022757365725F6964223A20227531303030335F34222C0A2020202020202020202020202020202022757365725F6E616D65223A2022222C0A2020202020202020202020202020202022706173735F7764223A2022706173737854686A7650367631222C0A2020202020202020202020202020202022676174657761795F6964223A2022222C0A2020202020202020202020202020202022757365725F74797065223A2022222C0A2020202020202020202020202020202022757365725F636F6E6E6563745F6C697374223A206E756C6C0A2020202020202020202020207D0A20202020202020205D0A202020207D0A7D, 'modify', 'user_info', '2025-04-22 11:30:14.155', '2025-04-22 11:30:14.155', '2025-04-22 11:30:14.155', NULL);
INSERT INTO `generated_configs` VALUES (69, '11010', '20250422113153_11010_Full.json', 'full', 'C:\\Users\\yangmq42\\gateway_config\\20250422113153_11010_Full.json', 0x7B0A20202020226F7065726174696F6E223A2022696E6974222C0A2020202022726F757465223A20223131303130222C0A202020202274696D657374616D70223A2022323032352D30342D32322031313A33313A3533222C0A202020202276657273696F6E223A2022312E30222C0A202020202264617461223A207B0A202020202020202022757365725F696E666F223A205B5D2C0A2020202020202020226465766963655F696E666F223A207B0A202020202020202020202020226465766963655F6964223A20223131303130222C0A202020202020202020202020226C6F6E675F61646472657373223A202234313332343332222C0A2020202020202020202020202273686F72745F61646472657373223A20223231333431323433222C0A202020202020202020202020227365735F6B6579223A20223132333431323334222C0A20202020202020202020202022636F6E6E6563745F616464726573735F6C697374223A205B5D0A20202020202020207D2C0A202020202020202022636F6E6669675F696E666F223A207B0A202020202020202020202020226465766963655F6D6F6465223A202231220A20202020202020207D0A202020207D0A7D, 'init', '', '2025-04-22 11:31:53.509', '2025-04-22 11:31:53.509', '2025-04-22 11:31:53.509', NULL);
INSERT INTO `generated_configs` VALUES (70, '11001', '20250422120934_11001_incremental.json', 'incremental', 'C:\\Users\\yangmq42\\gateway_config\\20250422120934_11001_incremental.json', 0x7B0A20202020226F7065726174696F6E223A20226D6F64696679222C0A202020202263617465676F7279223A2022757365725F696E666F222C0A2020202022726F757465223A20223131303031222C0A202020202274696D657374616D70223A2022323032352D30342D32322031323A30393A3334222C0A202020202276657273696F6E223A2022312E30222C0A202020202264617461223A207B0A202020202020202022757365725F696E666F223A205B0A2020202020202020202020207B0A2020202020202020202020202020202022757365725F6964223A20227531303030385F34222C0A2020202020202020202020202020202022757365725F6E616D65223A2022757365725F31313030325F34222C0A2020202020202020202020202020202022706173735F7764223A202270617373335459364C6C743532313334222C0A2020202020202020202020202020202022676174657761795F6964223A20223131303031222C0A2020202020202020202020202020202022757365725F74797065223A202231222C0A2020202020202020202020202020202022757365725F636F6E6E6563745F6C697374223A206E756C6C0A2020202020202020202020207D0A20202020202020205D0A202020207D0A7D, 'modify', 'user_info', '2025-04-22 12:09:34.010', '2025-04-22 12:09:34.010', '2025-04-22 12:09:34.010', NULL);
INSERT INTO `generated_configs` VALUES (71, '11001', '20250422121021_11001_incremental.json', 'incremental', 'C:\\Users\\yangmq42\\gateway_config\\20250422121021_11001_incremental.json', 0x7B0A20202020226F7065726174696F6E223A20226D6F64696679222C0A202020202263617465676F7279223A2022757365725F696E666F222C0A2020202022726F757465223A20223131303031222C0A202020202274696D657374616D70223A2022323032352D30342D32322031323A31303A3231222C0A202020202276657273696F6E223A2022312E30222C0A202020202264617461223A207B0A202020202020202022757365725F696E666F223A205B0A2020202020202020202020207B0A2020202020202020202020202020202022757365725F6964223A20227531303030385F34222C0A2020202020202020202020202020202022757365725F6E616D65223A2022757365725F31313030325F3432333432222C0A2020202020202020202020202020202022706173735F7764223A202270617373335459364C6C743532313334222C0A2020202020202020202020202020202022676174657761795F6964223A20223131303031222C0A2020202020202020202020202020202022757365725F74797065223A202231222C0A2020202020202020202020202020202022757365725F636F6E6E6563745F6C697374223A206E756C6C0A2020202020202020202020207D0A20202020202020205D0A202020207D0A7D, 'modify', 'user_info', '2025-04-22 12:10:21.292', '2025-04-22 12:10:21.292', '2025-04-22 12:10:21.292', NULL);
INSERT INTO `generated_configs` VALUES (72, '11005', '20250422121115_11005_incremental.json', 'incremental', 'C:\\Users\\yangmq42\\gateway_config\\20250422121115_11005_incremental.json', 0x7B0A202020202263617465676F7279223A20226465766963655F696E666F222C0A202020202264617461223A207B0A2020202020202020226465766963655F696E666F223A207B0A202020202020202020202020226465766963655F6964223A20223131303035222C0A202020202020202020202020226C6F6E675F61646472657373223A2022623534373A386563663A643761373A326162323A383933343A386534303A663663363A32343230222C0A2020202020202020202020202273686F72745F61646472657373223A2022363942413334323432222C0A202020202020202020202020227365735F6B6579223A202268656C6C6F5F67613231653131313131222C0A20202020202020202020202022636F6E6E6563745F616464726573735F6C697374223A205B5D0A20202020202020207D2C0A202020202020202022757365725F696E666F223A205B5D0A202020207D2C0A20202020226F7065726174696F6E223A20226D6F64696679222C0A2020202022726F757465223A20223131303035222C0A202020202274696D657374616D70223A2022323032352D30342D32322031323A31313A3135222C0A202020202276657273696F6E223A2022312E30220A7D, 'modify', 'device_info', '2025-04-22 12:11:15.902', '2025-04-22 12:11:15.902', '2025-04-22 12:11:15.902', NULL);
INSERT INTO `generated_configs` VALUES (73, '11001', '20250422121309_11001_incremental.json', 'incremental', 'C:\\Users\\yangmq42\\gateway_config\\20250422121309_11001_incremental.json', 0x7B0A20202020226F7065726174696F6E223A2022637265617465222C0A202020202263617465676F7279223A2022757365725F696E666F222C0A2020202022726F757465223A20223131303031222C0A202020202274696D657374616D70223A2022323032352D30342D32322031323A31333A3039222C0A202020202276657273696F6E223A2022312E30222C0A202020202264617461223A207B0A202020202020202022757365725F696E666F223A205B0A2020202020202020202020207B0A2020202020202020202020202020202022757365725F6964223A2022757365725F746573745F31333230222C0A2020202020202020202020202020202022757365725F6E616D65223A2022E6B58BE8AF95E794A8E688B731222C0A2020202020202020202020202020202022706173735F7764223A202231323334353637383930222C0A2020202020202020202020202020202022676174657761795F6964223A20223131303031222C0A2020202020202020202020202020202022757365725F74797065223A202231222C0A2020202020202020202020202020202022757365725F636F6E6E6563745F6C697374223A205B5D0A2020202020202020202020207D0A20202020202020205D0A202020207D0A7D, 'create', 'user_info', '2025-04-22 12:13:09.747', '2025-04-22 12:13:09.747', '2025-04-22 12:13:09.747', NULL);
INSERT INTO `generated_configs` VALUES (74, '110011', '20250422121340_110011_incremental.json', 'incremental', 'C:\\Users\\yangmq42\\gateway_config\\20250422121340_110011_incremental.json', 0x7B0A20202020226F7065726174696F6E223A2022637265617465222C0A202020202263617465676F7279223A2022757365725F696E666F222C0A2020202022726F757465223A2022313130303131222C0A202020202274696D657374616D70223A2022323032352D30342D32322031323A31333A3430222C0A202020202276657273696F6E223A2022312E30222C0A202020202264617461223A207B0A202020202020202022757365725F696E666F223A205B0A2020202020202020202020207B0A2020202020202020202020202020202022757365725F6964223A2022757365725F746573745F3133323031222C0A2020202020202020202020202020202022757365725F6E616D65223A2022E6B58BE8AF95E794A8E688B732222C0A2020202020202020202020202020202022706173735F7764223A202231323334353637383930222C0A2020202020202020202020202020202022676174657761795F6964223A2022313130303131222C0A2020202020202020202020202020202022757365725F74797065223A202231222C0A2020202020202020202020202020202022757365725F636F6E6E6563745F6C697374223A205B5D0A2020202020202020202020207D0A20202020202020205D0A202020207D0A7D, 'create', 'user_info', '2025-04-22 12:13:40.686', '2025-04-22 12:13:40.686', '2025-04-22 12:13:40.686', NULL);
INSERT INTO `generated_configs` VALUES (75, '11004', '20250422123941_11004_incremental.json', 'incremental', 'C:\\Users\\yangmq42\\gateway_config\\20250422123941_11004_incremental.json', 0x7B0A202020202263617465676F7279223A20226465766963655F696E666F222C0A202020202264617461223A207B0A2020202020202020226465766963655F696E666F223A207B0A202020202020202020202020226465766963655F6964223A20223131303034222C0A202020202020202020202020226C6F6E675F61646472657373223A2022393038613A323538373A653638663A656663363A346664313A653766313A636665353A35623263222C0A2020202020202020202020202273686F72745F61646472657373223A202235433737222C0A202020202020202020202020227365735F6B6579223A202249694C304337794A4C47436E6E303830222C0A20202020202020202020202022636F6E6E6563745F616464726573735F6C697374223A205B5D0A20202020202020207D2C0A202020202020202022757365725F696E666F223A205B5D0A202020207D2C0A20202020226F7065726174696F6E223A20226D6F64696679222C0A2020202022726F757465223A20223131303034222C0A202020202274696D657374616D70223A2022323032352D30342D32322031323A33393A3431222C0A202020202276657273696F6E223A2022312E30220A7D, 'modify', 'device_info', '2025-04-22 12:39:41.936', '2025-04-22 12:39:41.936', '2025-04-22 12:39:41.936', NULL);
INSERT INTO `generated_configs` VALUES (76, '11001', '20250422131503_11001_incremental.json', 'incremental', 'C:\\Users\\yangmq42\\gateway_config\\20250422131503_11001_incremental.json', 0x7B0A20202020226F7065726174696F6E223A2022637265617465222C0A202020202263617465676F7279223A2022757365725F696E666F222C0A2020202022726F757465223A20223131303031222C0A202020202274696D657374616D70223A2022323032352D30342D32322031333A31353A3033222C0A202020202276657273696F6E223A2022312E30222C0A202020202264617461223A207B0A202020202020202022757365725F696E666F223A205B0A2020202020202020202020207B0A2020202020202020202020202020202022757365725F6964223A2022757365725F746573745F31333230313131222C0A2020202020202020202020202020202022757365725F6E616D65223A2022E6B58BE8AF95E794A8E688B73132222C0A2020202020202020202020202020202022706173735F7764223A202231323334353637383930222C0A2020202020202020202020202020202022676174657761795F6964223A20223131303031222C0A2020202020202020202020202020202022757365725F74797065223A202231222C0A2020202020202020202020202020202022757365725F636F6E6E6563745F6C697374223A205B5D0A2020202020202020202020207D0A20202020202020205D0A202020207D0A7D, 'create', 'user_info', '2025-04-22 13:15:03.587', '2025-04-22 13:15:03.587', '2025-04-22 13:15:03.587', NULL);
INSERT INTO `generated_configs` VALUES (77, '11004', '20250422131529_11004_incremental.json', 'incremental', 'C:\\Users\\yangmq42\\gateway_config\\20250422131529_11004_incremental.json', 0x7B0A20202020226F7065726174696F6E223A20226D6F64696679222C0A202020202263617465676F7279223A2022757365725F696E666F222C0A2020202022726F757465223A20223131303034222C0A202020202274696D657374616D70223A2022323032352D30342D32322031333A31353A3239222C0A202020202276657273696F6E223A2022312E30222C0A202020202264617461223A207B0A202020202020202022757365725F696E666F223A205B0A2020202020202020202020207B0A2020202020202020202020202020202022757365725F6964223A20227531303034325F33222C0A2020202020202020202020202020202022757365725F6E616D65223A2022757365725F31313030395F33222C0A2020202020202020202020202020202022706173735F7764223A202270617373314F346C725536723132333231222C0A2020202020202020202020202020202022676174657761795F6964223A20223131303034222C0A2020202020202020202020202020202022757365725F74797065223A202231222C0A2020202020202020202020202020202022757365725F636F6E6E6563745F6C697374223A206E756C6C0A2020202020202020202020207D0A20202020202020205D0A202020207D0A7D, 'modify', 'user_info', '2025-04-22 13:15:29.826', '2025-04-22 13:15:29.826', '2025-04-22 13:15:29.826', NULL);
INSERT INTO `generated_configs` VALUES (78, '11005', '20250422131550_11005_incremental.json', 'incremental', 'C:\\Users\\yangmq42\\gateway_config\\20250422131550_11005_incremental.json', 0x7B0A20202020226F7065726174696F6E223A20226D6F64696679222C0A202020202263617465676F7279223A2022757365725F696E666F222C0A2020202022726F757465223A20223131303035222C0A202020202274696D657374616D70223A2022323032352D30342D32322031333A31353A3530222C0A202020202276657273696F6E223A2022312E30222C0A202020202264617461223A207B0A202020202020202022757365725F696E666F223A205B0A2020202020202020202020207B0A2020202020202020202020202020202022757365725F6964223A20227531303034325F33222C0A2020202020202020202020202020202022757365725F6E616D65223A2022757365725F31313030395F33222C0A2020202020202020202020202020202022706173735F7764223A202270617373314F346C725536723132333231222C0A2020202020202020202020202020202022676174657761795F6964223A20223131303035222C0A2020202020202020202020202020202022757365725F74797065223A202231222C0A2020202020202020202020202020202022757365725F636F6E6E6563745F6C697374223A206E756C6C0A2020202020202020202020207D0A20202020202020205D0A202020207D0A7D, 'modify', 'user_info', '2025-04-22 13:15:50.772', '2025-04-22 13:15:50.772', '2025-04-22 13:15:50.772', NULL);
INSERT INTO `generated_configs` VALUES (79, '11005', '20250422131620_11005_incremental.json', 'incremental', 'C:\\Users\\yangmq42\\gateway_config\\20250422131620_11005_incremental.json', 0x7B0A20202020226F7065726174696F6E223A20226D6F64696679222C0A202020202263617465676F7279223A2022757365725F696E666F222C0A2020202022726F757465223A20223131303035222C0A202020202274696D657374616D70223A2022323032352D30342D32322031333A31363A3230222C0A202020202276657273696F6E223A2022312E30222C0A202020202264617461223A207B0A202020202020202022757365725F696E666F223A205B0A2020202020202020202020207B0A2020202020202020202020202020202022757365725F6964223A20227531303034325F33222C0A2020202020202020202020202020202022757365725F6E616D65223A2022757365725F31313030395F3331222C0A2020202020202020202020202020202022706173735F7764223A202270617373314F346C725536723132333231222C0A2020202020202020202020202020202022676174657761795F6964223A20223131303035222C0A2020202020202020202020202020202022757365725F74797065223A202231222C0A2020202020202020202020202020202022757365725F636F6E6E6563745F6C697374223A206E756C6C0A2020202020202020202020207D0A20202020202020205D0A202020207D0A7D, 'modify', 'user_info', '2025-04-22 13:16:20.349', '2025-04-22 13:16:20.349', '2025-04-22 13:16:20.349', NULL);
INSERT INTO `generated_configs` VALUES (80, '11004', '20250422131633_11004_incremental.json', 'incremental', 'C:\\Users\\yangmq42\\gateway_config\\20250422131633_11004_incremental.json', 0x7B0A20202020226F7065726174696F6E223A20226D6F64696679222C0A202020202263617465676F7279223A2022757365725F696E666F222C0A2020202022726F757465223A20223131303034222C0A202020202274696D657374616D70223A2022323032352D30342D32322031333A31363A3333222C0A202020202276657273696F6E223A2022312E30222C0A202020202264617461223A207B0A202020202020202022757365725F696E666F223A205B0A2020202020202020202020207B0A2020202020202020202020202020202022757365725F6964223A20227531303034315F32222C0A2020202020202020202020202020202022757365725F6E616D65223A2022757365725F31313030395F32222C0A2020202020202020202020202020202022706173735F7764223A202270617373456A514E38397930222C0A2020202020202020202020202020202022676174657761795F6964223A20223131303034222C0A2020202020202020202020202020202022757365725F74797065223A202232222C0A2020202020202020202020202020202022757365725F636F6E6E6563745F6C697374223A206E756C6C0A2020202020202020202020207D0A20202020202020205D0A202020207D0A7D, 'modify', 'user_info', '2025-04-22 13:16:33.532', '2025-04-22 13:16:33.532', '2025-04-22 13:16:33.532', NULL);
INSERT INTO `generated_configs` VALUES (81, '11004', '20250422131652_11004_incremental.json', 'incremental', 'C:\\Users\\yangmq42\\gateway_config\\20250422131652_11004_incremental.json', 0x7B0A20202020226F7065726174696F6E223A20226D6F64696679222C0A202020202263617465676F7279223A2022757365725F696E666F222C0A2020202022726F757465223A20223131303034222C0A202020202274696D657374616D70223A2022323032352D30342D32322031333A31363A3532222C0A202020202276657273696F6E223A2022312E30222C0A202020202264617461223A207B0A202020202020202022757365725F696E666F223A205B0A2020202020202020202020207B0A2020202020202020202020202020202022757365725F6964223A20227531303034345F35222C0A2020202020202020202020202020202022757365725F6E616D65223A2022757365725F31313030395F35222C0A2020202020202020202020202020202022706173735F7764223A202270617373554436676C326F77222C0A2020202020202020202020202020202022676174657761795F6964223A20223131303034222C0A2020202020202020202020202020202022757365725F74797065223A202233222C0A2020202020202020202020202020202022757365725F636F6E6E6563745F6C697374223A206E756C6C0A2020202020202020202020207D0A20202020202020205D0A202020207D0A7D, 'modify', 'user_info', '2025-04-22 13:16:52.574', '2025-04-22 13:16:52.574', '2025-04-22 13:16:52.574', NULL);
INSERT INTO `generated_configs` VALUES (82, '11001', '20250422131724_11001_incremental.json', 'incremental', 'C:\\Users\\yangmq42\\gateway_config\\20250422131724_11001_incremental.json', 0x7B0A20202020226F7065726174696F6E223A202264656C657465222C0A202020202263617465676F7279223A2022757365725F696E666F222C0A2020202022726F757465223A20223131303031222C0A202020202274696D657374616D70223A2022323032352D30342D32322031333A31373A3234222C0A202020202276657273696F6E223A2022312E30222C0A202020202264617461223A207B0A202020202020202022757365725F696E666F223A205B0A2020202020202020202020207B0A2020202020202020202020202020202022757365725F6964223A20227531303030315F32222C0A2020202020202020202020202020202022757365725F6E616D65223A2022757365725F31313030315F32222C0A2020202020202020202020202020202022706173735F7764223A2022706173734956444D5050675A222C0A2020202020202020202020202020202022676174657761795F6964223A20223131303031222C0A2020202020202020202020202020202022757365725F74797065223A202232222C0A2020202020202020202020202020202022757365725F636F6E6E6563745F6C697374223A205B5D0A2020202020202020202020207D0A20202020202020205D0A202020207D0A7D, 'delete', 'user_info', '2025-04-22 13:17:24.731', '2025-04-22 13:17:24.731', '2025-04-22 13:17:24.731', NULL);
INSERT INTO `generated_configs` VALUES (83, 'gateway_test_13320', '20250422131904_gateway_test_13320_Full.json', 'full', 'C:\\Users\\yangmq42\\gateway_config\\20250422131904_gateway_test_13320_Full.json', 0x7B0A20202020226F7065726174696F6E223A2022696E6974222C0A2020202022726F757465223A2022676174657761795F746573745F3133333230222C0A202020202274696D657374616D70223A2022323032352D30342D32322031333A31393A3034222C0A202020202276657273696F6E223A2022312E30222C0A202020202264617461223A207B0A202020202020202022757365725F696E666F223A205B5D2C0A2020202020202020226465766963655F696E666F223A207B0A202020202020202020202020226465766963655F6964223A2022676174657761795F746573745F3133333230222C0A202020202020202020202020226C6F6E675F61646472657373223A202241534641534446222C0A2020202020202020202020202273686F72745F61646472657373223A20225843565A5A433A534446534446222C0A202020202020202020202020227365735F6B6579223A20225345535353585658424A4B222C0A20202020202020202020202022636F6E6E6563745F616464726573735F6C697374223A205B5D0A20202020202020207D2C0A202020202020202022636F6E6669675F696E666F223A207B0A202020202020202020202020226465766963655F6D6F6465223A202231220A20202020202020207D0A202020207D0A7D, 'init', '', '2025-04-22 13:19:04.071', '2025-04-22 13:19:04.071', '2025-04-22 13:19:04.071', NULL);
INSERT INTO `generated_configs` VALUES (84, '11004', '20250422132852_11004_incremental.json', 'incremental', 'C:\\Users\\yangmq42\\gateway_config\\20250422132852_11004_incremental.json', 0x7B0A202020202263617465676F7279223A20226465766963655F696E666F222C0A202020202264617461223A207B0A2020202020202020226465766963655F696E666F223A207B0A202020202020202020202020226465766963655F6964223A20223131303034222C0A202020202020202020202020226C6F6E675F61646472657373223A2022393038613A323538373A653638663A656663363A346664313A653766313A636665353A35623263222C0A2020202020202020202020202273686F72745F61646472657373223A202235433737222C0A202020202020202020202020227365735F6B6579223A202249694C304337794A4C47436E6E303830222C0A20202020202020202020202022636F6E6E6563745F616464726573735F6C697374223A205B5D0A20202020202020207D2C0A202020202020202022757365725F696E666F223A205B5D0A202020207D2C0A20202020226F7065726174696F6E223A20226D6F64696679222C0A2020202022726F757465223A20223131303034222C0A202020202274696D657374616D70223A2022323032352D30342D32322031333A32383A3532222C0A202020202276657273696F6E223A2022312E30220A7D, 'modify', 'device_info', '2025-04-22 13:28:52.571', '2025-04-22 13:28:52.571', '2025-04-22 13:28:52.571', NULL);
INSERT INTO `generated_configs` VALUES (85, '11001', '20250422132948_11001_incremental.json', 'incremental', 'C:\\Users\\yangmq42\\gateway_config\\20250422132948_11001_incremental.json', 0x7B0A20202020226F7065726174696F6E223A20226D6F64696679222C0A202020202263617465676F7279223A2022757365725F696E666F222C0A2020202022726F757465223A20223131303031222C0A202020202274696D657374616D70223A2022323032352D30342D32322031333A32393A3438222C0A202020202276657273696F6E223A2022312E30222C0A202020202264617461223A207B0A202020202020202022757365725F696E666F223A205B0A2020202020202020202020207B0A2020202020202020202020202020202022757365725F6964223A20227531303030355F31222C0A2020202020202020202020202020202022757365725F6E616D65223A2022757365725F31313030325F315F31222C0A2020202020202020202020202020202022706173735F7764223A202270617373474738324D4B6C77222C0A2020202020202020202020202020202022676174657761795F6964223A20223131303031222C0A2020202020202020202020202020202022757365725F74797065223A202233222C0A2020202020202020202020202020202022757365725F636F6E6E6563745F6C697374223A206E756C6C0A2020202020202020202020207D0A20202020202020205D0A202020207D0A7D, 'modify', 'user_info', '2025-04-22 13:29:48.582', '2025-04-22 13:29:48.582', '2025-04-22 13:29:48.582', NULL);

-- ----------------------------
-- Table structure for last_process_timestamps
-- ----------------------------
DROP TABLE IF EXISTS `last_process_timestamps`;
CREATE TABLE `last_process_timestamps`  (
  `id` bigint UNSIGNED NOT NULL AUTO_INCREMENT,
  `key` varchar(50) CHARACTER SET utf8mb4 COLLATE utf8mb4_0900_ai_ci NOT NULL,
  `timestamp` datetime(3) NULL DEFAULT NULL,
  `updated_at` datetime(3) NULL DEFAULT NULL,
  PRIMARY KEY (`id`) USING BTREE,
  UNIQUE INDEX `idx_last_process_timestamps_key`(`key` ASC) USING BTREE
) ENGINE = InnoDB AUTO_INCREMENT = 2 CHARACTER SET = utf8mb4 COLLATE = utf8mb4_0900_ai_ci ROW_FORMAT = DYNAMIC;

-- ----------------------------
-- Records of last_process_timestamps
-- ----------------------------
INSERT INTO `last_process_timestamps` VALUES (1, 'config_fetch', '2025-04-20 21:01:01.000', '2025-04-21 03:15:19.428');

-- ----------------------------
-- Table structure for log_files
-- ----------------------------
DROP TABLE IF EXISTS `log_files`;
CREATE TABLE `log_files`  (
  `id` bigint UNSIGNED NOT NULL AUTO_INCREMENT,
  `created_at` datetime(3) NULL DEFAULT NULL,
  `updated_at` datetime(3) NULL DEFAULT NULL,
  `deleted_at` datetime(3) NULL DEFAULT NULL,
  `file_name` varchar(255) CHARACTER SET utf8mb4 COLLATE utf8mb4_0900_ai_ci NULL DEFAULT NULL,
  `file_path` varchar(255) CHARACTER SET utf8mb4 COLLATE utf8mb4_0900_ai_ci NOT NULL,
  `file_size` bigint NOT NULL,
  `start_time` datetime(3) NULL DEFAULT NULL,
  `end_time` datetime(3) NULL DEFAULT NULL,
  `is_encrypted` tinyint(1) NULL DEFAULT 0,
  `is_uploaded` tinyint(1) NULL DEFAULT 0,
  `remote_path` varchar(255) CHARACTER SET utf8mb4 COLLATE utf8mb4_0900_ai_ci NULL DEFAULT '',
  `uploaded_time` datetime(3) NULL DEFAULT NULL,
  PRIMARY KEY (`id`) USING BTREE,
  UNIQUE INDEX `idx_log_files_file_name`(`file_name` ASC) USING BTREE,
  INDEX `idx_log_files_start_time`(`start_time` ASC) USING BTREE,
  INDEX `idx_log_files_end_time`(`end_time` ASC) USING BTREE,
  INDEX `idx_log_files_deleted_at`(`deleted_at` ASC) USING BTREE
) ENGINE = InnoDB AUTO_INCREMENT = 208 CHARACTER SET = utf8mb4 COLLATE = utf8mb4_0900_ai_ci ROW_FORMAT = DYNAMIC;

-- ----------------------------
-- Records of log_files
-- ----------------------------
INSERT INTO `log_files` VALUES (1, '2025-04-17 23:19:12.970', '2025-04-17 23:19:12.977', NULL, '20250417230911.json', 'logs\\encrypted\\20250417230911.json', 2811, '2025-04-17 23:09:11.000', '2025-04-17 23:19:12.970', 0, 1, '/log/20250417230911.json', '2025-04-17 23:19:12.977');
INSERT INTO `log_files` VALUES (2, '2025-04-17 23:29:14.092', '2025-04-17 23:29:14.098', NULL, '20250417231911.json', 'logs\\encrypted\\20250417231911.json', 2811, '2025-04-17 23:19:11.000', '2025-04-17 23:29:14.092', 0, 1, '/log/20250417231911.json', '2025-04-17 23:29:14.098');
INSERT INTO `log_files` VALUES (3, '2025-04-17 23:39:14.085', '2025-04-17 23:39:14.090', NULL, '20250417232912.json', 'logs\\encrypted\\20250417232912.json', 2811, '2025-04-17 23:29:12.000', '2025-04-17 23:39:14.085', 0, 1, '/log/20250417232912.json', '2025-04-17 23:39:14.090');
INSERT INTO `log_files` VALUES (4, '2025-04-17 23:49:13.990', '2025-04-17 23:49:13.996', NULL, '20250417233912.json', 'logs\\encrypted\\20250417233912.json', 2811, '2025-04-17 23:39:12.000', '2025-04-17 23:49:13.989', 0, 1, '/log/20250417233912.json', '2025-04-17 23:49:13.996');
INSERT INTO `log_files` VALUES (5, '2025-04-17 23:59:14.312', '2025-04-17 23:59:14.317', NULL, '20250417234912.json', 'logs\\encrypted\\20250417234912.json', 2811, '2025-04-17 23:49:12.000', '2025-04-17 23:59:14.311', 0, 1, '/log/20250417234912.json', '2025-04-17 23:59:14.317');
INSERT INTO `log_files` VALUES (6, '2025-04-18 00:09:14.156', '2025-04-18 00:09:14.165', NULL, '20250417235912.json', 'logs\\encrypted\\20250417235912.json', 2811, '2025-04-17 23:59:12.000', '2025-04-18 00:09:14.156', 0, 1, '/log/20250417235912.json', '2025-04-18 00:09:14.165');
INSERT INTO `log_files` VALUES (7, '2025-04-18 03:06:01.598', '2025-04-18 03:06:01.605', NULL, '20250418000914.json', 'logs\\encrypted\\20250418000914.json', 2813, '2025-04-18 00:09:14.000', '2025-04-18 03:06:01.598', 0, 1, '/log/20250418000914.json', '2025-04-18 03:06:01.605');
INSERT INTO `log_files` VALUES (8, '2025-04-18 03:15:57.362', '2025-04-18 03:15:57.370', NULL, '20250418030601.json', 'logs\\encrypted\\20250418030601.json', 2811, '2025-04-18 03:06:01.000', '2025-04-18 03:15:57.361', 0, 1, '/log/20250418030601.json', '2025-04-18 03:15:57.370');
INSERT INTO `log_files` VALUES (9, '2025-04-18 03:20:01.565', '2025-04-18 03:20:01.570', NULL, '20250418031557.json', 'logs\\encrypted\\20250418031557.json', 2811, '2025-04-18 03:15:57.000', '2025-04-18 03:20:01.565', 0, 1, '/log/20250418031557.json', '2025-04-18 03:20:01.570');
INSERT INTO `log_files` VALUES (10, '2025-04-18 03:24:21.449', '2025-04-18 03:24:21.455', NULL, '20250418032001.json', 'logs\\encrypted\\20250418032001.json', 2811, '2025-04-18 03:20:01.000', '2025-04-18 03:24:21.448', 0, 1, '/log/20250418032001.json', '2025-04-18 03:24:21.455');
INSERT INTO `log_files` VALUES (11, '2025-04-18 03:26:08.176', '2025-04-18 03:26:08.187', NULL, '20250418032421.json', 'logs\\encrypted\\20250418032421.json', 2811, '2025-04-18 03:24:21.000', '2025-04-18 03:26:08.176', 0, 1, '/log/20250418032421.json', '2025-04-18 03:26:08.187');
INSERT INTO `log_files` VALUES (12, '2025-04-18 03:28:16.234', '2025-04-18 03:28:16.242', NULL, '20250418032608.json', 'logs\\encrypted\\20250418032608.json', 2811, '2025-04-18 03:26:08.000', '2025-04-18 03:28:16.233', 0, 1, '/log/20250418032608.json', '2025-04-18 03:28:16.242');
INSERT INTO `log_files` VALUES (13, '2025-04-18 03:38:19.376', '2025-04-18 03:38:19.383', NULL, '20250418032814.json', 'logs\\encrypted\\20250418032814.json', 2811, '2025-04-18 03:28:14.000', '2025-04-18 03:38:19.375', 0, 1, '/log/20250418032814.json', '2025-04-18 03:38:19.383');
INSERT INTO `log_files` VALUES (14, '2025-04-18 03:47:09.400', '2025-04-18 03:47:09.408', NULL, '20250418033819.json', 'logs\\encrypted\\20250418033819.json', 2811, '2025-04-18 03:38:19.000', '2025-04-18 03:47:09.399', 0, 1, '/log/20250418033819.json', '2025-04-18 03:47:09.408');
INSERT INTO `log_files` VALUES (15, '2025-04-18 03:48:05.437', '2025-04-18 03:48:05.445', NULL, '20250418034709.json', 'logs\\encrypted\\20250418034709.json', 2810, '2025-04-18 03:47:09.000', '2025-04-18 03:48:05.436', 0, 1, '/log/20250418034709.json', '2025-04-18 03:48:05.444');
INSERT INTO `log_files` VALUES (16, '2025-04-18 03:48:17.841', '2025-04-18 03:48:17.848', NULL, '20250418033816.json', 'logs\\encrypted\\20250418033816.json', 2811, '2025-04-18 03:38:16.000', '2025-04-18 03:48:17.841', 0, 1, '/log/20250418033816.json', '2025-04-18 03:48:17.848');
INSERT INTO `log_files` VALUES (17, '2025-04-18 03:58:06.889', '2025-04-18 03:58:06.895', NULL, '20250418034804.json', 'logs\\encrypted\\20250418034804.json', 2811, '2025-04-18 03:48:04.000', '2025-04-18 03:58:06.888', 0, 1, '/log/20250418034804.json', '2025-04-18 03:58:06.895');
INSERT INTO `log_files` VALUES (18, '2025-04-18 03:58:18.421', '2025-04-18 03:58:18.426', NULL, '20250418034816.json', 'logs\\encrypted\\20250418034816.json', 2811, '2025-04-18 03:48:16.000', '2025-04-18 03:58:18.421', 0, 1, '/log/20250418034816.json', '2025-04-18 03:58:18.426');
INSERT INTO `log_files` VALUES (19, '2025-04-18 04:04:28.083', '2025-04-18 04:04:28.090', NULL, '20250418035818.json', 'logs\\encrypted\\20250418035818.json', 2811, '2025-04-18 03:58:18.000', '2025-04-18 04:04:28.082', 0, 1, '/log/20250418035818.json', '2025-04-18 04:04:28.090');
INSERT INTO `log_files` VALUES (20, '2025-04-18 04:08:17.722', '2025-04-18 04:08:17.730', NULL, '20250418035816.json', 'logs\\encrypted\\20250418035816.json', 2811, '2025-04-18 03:58:16.000', '2025-04-18 04:08:17.722', 0, 1, '/log/20250418035816.json', '2025-04-18 04:08:17.730');
INSERT INTO `log_files` VALUES (21, '2025-04-18 04:13:08.593', '2025-04-18 04:13:08.599', NULL, '20250418040817.json', 'logs\\encrypted\\20250418040817.json', 2811, '2025-04-18 04:08:17.000', '2025-04-18 04:13:08.592', 0, 1, '/log/20250418040817.json', '2025-04-18 04:13:08.599');
INSERT INTO `log_files` VALUES (22, '2025-04-18 07:58:17.743', '2025-04-18 07:58:17.749', NULL, '20250418040816.json', 'logs\\encrypted\\20250418040816.json', 2813, '2025-04-18 04:08:16.000', '2025-04-18 07:58:17.743', 0, 1, '/log/20250418040816.json', '2025-04-18 07:58:17.749');
INSERT INTO `log_files` VALUES (23, '2025-04-18 08:03:10.555', '2025-04-18 08:03:10.564', NULL, '20250418041306.json', 'logs\\encrypted\\20250418041306.json', 2813, '2025-04-18 04:13:06.000', '2025-04-18 08:03:10.555', 0, 1, '/log/20250418041306.json', '2025-04-18 08:03:10.564');
INSERT INTO `log_files` VALUES (24, '2025-04-18 08:08:19.414', '2025-04-18 08:08:19.421', NULL, '20250418075816.json', 'logs\\encrypted\\20250418075816.json', 2811, '2025-04-18 07:58:16.000', '2025-04-18 08:08:19.413', 0, 1, '/log/20250418075816.json', '2025-04-18 08:08:19.421');
INSERT INTO `log_files` VALUES (25, '2025-04-18 08:18:17.823', '2025-04-18 08:18:17.831', NULL, '20250418080816.json', 'logs\\encrypted\\20250418080816.json', 2811, '2025-04-18 08:08:16.000', '2025-04-18 08:18:17.823', 0, 1, '/log/20250418080816.json', '2025-04-18 08:18:17.831');
INSERT INTO `log_files` VALUES (26, '2025-04-18 08:28:18.211', '2025-04-18 08:28:18.218', NULL, '20250418081816.json', 'logs\\encrypted\\20250418081816.json', 2811, '2025-04-18 08:18:16.000', '2025-04-18 08:28:18.210', 0, 1, '/log/20250418081816.json', '2025-04-18 08:28:18.217');
INSERT INTO `log_files` VALUES (27, '2025-04-18 21:43:45.624', '2025-04-18 21:43:45.631', NULL, '20250418082818.json', 'logs\\encrypted\\20250418082818.json', 2813, '2025-04-18 08:28:18.000', '2025-04-18 21:43:45.624', 0, 1, '/log/20250418082818.json', '2025-04-18 21:43:45.631');
INSERT INTO `log_files` VALUES (28, '2025-04-18 21:53:47.422', '2025-04-18 21:53:47.429', NULL, '20250418214343.json', 'logs\\encrypted\\20250418214343.json', 2811, '2025-04-18 21:43:43.000', '2025-04-18 21:53:47.422', 0, 1, '/log/20250418214343.json', '2025-04-18 21:53:47.429');
INSERT INTO `log_files` VALUES (29, '2025-04-18 22:01:34.632', '2025-04-18 22:01:34.646', NULL, '20250418215347.json', 'logs\\encrypted\\20250418215347.json', 2811, '2025-04-18 21:53:47.000', '2025-04-18 22:01:34.632', 0, 1, '/log/20250418215347.json', '2025-04-18 22:01:34.646');
INSERT INTO `log_files` VALUES (30, '2025-04-18 22:05:52.918', '2025-04-18 22:05:52.927', NULL, '20250418220134.json', 'logs\\encrypted\\20250418220134.json', 2811, '2025-04-18 22:01:34.000', '2025-04-18 22:05:52.918', 0, 1, '/log/20250418220134.json', '2025-04-18 22:05:52.927');
INSERT INTO `log_files` VALUES (31, '2025-04-18 22:08:00.061', '2025-04-18 22:08:00.069', NULL, '20250418220552.json', 'logs\\encrypted\\20250418220552.json', 2811, '2025-04-18 22:05:52.000', '2025-04-18 22:08:00.061', 0, 1, '/log/20250418220552.json', '2025-04-18 22:08:00.069');
INSERT INTO `log_files` VALUES (32, '2025-04-18 22:18:01.356', '2025-04-18 22:18:01.362', NULL, '20250418220758.json', 'logs\\encrypted\\20250418220758.json', 2811, '2025-04-18 22:07:58.000', '2025-04-18 22:18:01.356', 0, 1, '/log/20250418220758.json', '2025-04-18 22:18:01.362');
INSERT INTO `log_files` VALUES (33, '2025-04-18 22:28:01.509', '2025-04-18 22:28:01.517', NULL, '20250418221800.json', 'logs\\encrypted\\20250418221800.json', 2811, '2025-04-18 22:18:00.000', '2025-04-18 22:28:01.509', 0, 1, '/log/20250418221800.json', '2025-04-18 22:28:01.517');
INSERT INTO `log_files` VALUES (34, '2025-04-18 22:38:01.370', '2025-04-18 22:38:01.378', NULL, '20250418222800.json', 'logs\\encrypted\\20250418222800.json', 2811, '2025-04-18 22:28:00.000', '2025-04-18 22:38:01.370', 0, 1, '/log/20250418222800.json', '2025-04-18 22:38:01.378');
INSERT INTO `log_files` VALUES (35, '2025-04-18 22:48:01.504', '2025-04-18 22:48:01.513', NULL, '20250418223800.json', 'logs\\encrypted\\20250418223800.json', 2811, '2025-04-18 22:38:00.000', '2025-04-18 22:48:01.504', 0, 1, '/log/20250418223800.json', '2025-04-18 22:48:01.512');
INSERT INTO `log_files` VALUES (36, '2025-04-18 22:58:01.940', '2025-04-18 22:58:01.948', NULL, '20250418224800.json', 'logs\\encrypted\\20250418224800.json', 2811, '2025-04-18 22:48:00.000', '2025-04-18 22:58:01.939', 0, 1, '/log/20250418224800.json', '2025-04-18 22:58:01.947');
INSERT INTO `log_files` VALUES (37, '2025-04-18 23:08:01.757', '2025-04-18 23:08:01.765', NULL, '20250418225800.json', 'logs\\encrypted\\20250418225800.json', 2811, '2025-04-18 22:58:00.000', '2025-04-18 23:08:01.756', 0, 1, '/log/20250418225800.json', '2025-04-18 23:08:01.765');
INSERT INTO `log_files` VALUES (38, '2025-04-18 23:18:01.943', '2025-04-18 23:18:01.952', NULL, '20250418230800.json', 'logs\\encrypted\\20250418230800.json', 2811, '2025-04-18 23:08:00.000', '2025-04-18 23:18:01.942', 0, 1, '/log/20250418230800.json', '2025-04-18 23:18:01.952');
INSERT INTO `log_files` VALUES (39, '2025-04-18 23:28:01.899', '2025-04-18 23:28:01.907', NULL, '20250418231800.json', 'logs\\encrypted\\20250418231800.json', 2811, '2025-04-18 23:18:00.000', '2025-04-18 23:28:01.899', 0, 1, '/log/20250418231800.json', '2025-04-18 23:28:01.907');
INSERT INTO `log_files` VALUES (40, '2025-04-18 23:38:02.247', '2025-04-18 23:38:02.256', NULL, '20250418232800.json', 'logs\\encrypted\\20250418232800.json', 2811, '2025-04-18 23:28:00.000', '2025-04-18 23:38:02.246', 0, 1, '/log/20250418232800.json', '2025-04-18 23:38:02.255');
INSERT INTO `log_files` VALUES (41, '2025-04-18 23:48:02.056', '2025-04-18 23:48:02.064', NULL, '20250418233800.json', 'logs\\encrypted\\20250418233800.json', 2811, '2025-04-18 23:38:00.000', '2025-04-18 23:48:02.055', 0, 1, '/log/20250418233800.json', '2025-04-18 23:48:02.064');
INSERT INTO `log_files` VALUES (42, '2025-04-18 23:58:02.335', '2025-04-18 23:58:02.341', NULL, '20250418234800.json', 'logs\\encrypted\\20250418234800.json', 2811, '2025-04-18 23:48:00.000', '2025-04-18 23:58:02.334', 0, 1, '/log/20250418234800.json', '2025-04-18 23:58:02.341');
INSERT INTO `log_files` VALUES (43, '2025-04-19 00:08:02.162', '2025-04-19 00:08:02.170', NULL, '20250418235800.json', 'logs\\encrypted\\20250418235800.json', 2811, '2025-04-18 23:58:00.000', '2025-04-19 00:08:02.160', 0, 1, '/log/20250418235800.json', '2025-04-19 00:08:02.169');
INSERT INTO `log_files` VALUES (44, '2025-04-19 00:18:02.280', '2025-04-19 00:18:02.287', NULL, '20250419000800.json', 'logs\\encrypted\\20250419000800.json', 2811, '2025-04-19 00:08:00.000', '2025-04-19 00:18:02.280', 0, 1, '/log/20250419000800.json', '2025-04-19 00:18:02.287');
INSERT INTO `log_files` VALUES (45, '2025-04-19 00:28:02.399', '2025-04-19 00:28:02.406', NULL, '20250419001800.json', 'logs\\encrypted\\20250419001800.json', 2811, '2025-04-19 00:18:00.000', '2025-04-19 00:28:02.399', 0, 1, '/log/20250419001800.json', '2025-04-19 00:28:02.405');
INSERT INTO `log_files` VALUES (46, '2025-04-19 00:38:02.546', '2025-04-19 00:38:02.553', NULL, '20250419002800.json', 'logs\\encrypted\\20250419002800.json', 2811, '2025-04-19 00:28:00.000', '2025-04-19 00:38:02.546', 0, 1, '/log/20250419002800.json', '2025-04-19 00:38:02.553');
INSERT INTO `log_files` VALUES (47, '2025-04-19 00:48:02.594', '2025-04-19 00:48:02.604', NULL, '20250419003800.json', 'logs\\encrypted\\20250419003800.json', 2811, '2025-04-19 00:38:00.000', '2025-04-19 00:48:02.593', 0, 1, '/log/20250419003800.json', '2025-04-19 00:48:02.602');
INSERT INTO `log_files` VALUES (48, '2025-04-19 02:07:39.611', '2025-04-19 02:07:39.617', NULL, '20250419004802.json', 'logs\\encrypted\\20250419004802.json', 2812, '2025-04-19 00:48:02.000', '2025-04-19 02:07:39.610', 0, 1, '/log/20250419004802.json', '2025-04-19 02:07:39.617');
INSERT INTO `log_files` VALUES (49, '2025-04-19 02:24:43.916', '2025-04-19 02:24:43.923', NULL, '20250419020739.json', 'logs\\encrypted\\20250419020739.json', 2812, '2025-04-19 02:07:39.000', '2025-04-19 02:24:43.916', 0, 1, '/log/20250419020739.json', '2025-04-19 02:24:43.923');
INSERT INTO `log_files` VALUES (50, '2025-04-19 02:27:46.357', '2025-04-19 02:27:46.364', NULL, '20250419022443.json', 'logs\\encrypted\\20250419022443.json', 2811, '2025-04-19 02:24:43.000', '2025-04-19 02:27:46.356', 0, 1, '/log/20250419022443.json', '2025-04-19 02:27:46.364');
INSERT INTO `log_files` VALUES (51, '2025-04-19 02:37:48.118', '2025-04-19 02:37:48.124', NULL, '20250419022744.json', 'logs\\encrypted\\20250419022744.json', 2811, '2025-04-19 02:27:44.000', '2025-04-19 02:37:48.117', 0, 1, '/log/20250419022744.json', '2025-04-19 02:37:48.124');
INSERT INTO `log_files` VALUES (52, '2025-04-19 10:05:16.041', '2025-04-19 10:05:16.050', NULL, '20250419023748.json', 'logs\\encrypted\\20250419023748.json', 2813, '2025-04-19 02:37:48.000', '2025-04-19 10:05:16.040', 0, 1, '/log/20250419023748.json', '2025-04-19 10:05:16.049');
INSERT INTO `log_files` VALUES (53, '2025-04-19 10:15:18.031', '2025-04-19 10:15:18.038', NULL, '20250419100514.json', 'logs\\encrypted\\20250419100514.json', 2811, '2025-04-19 10:05:14.000', '2025-04-19 10:15:18.031', 0, 1, '/log/20250419100514.json', '2025-04-19 10:15:18.037');
INSERT INTO `log_files` VALUES (54, '2025-04-19 10:25:17.574', '2025-04-19 10:25:17.594', NULL, '20250419101516.json', 'logs\\encrypted\\20250419101516.json', 2811, '2025-04-19 10:15:16.000', '2025-04-19 10:25:17.574', 0, 1, '/log/20250419101516.json', '2025-04-19 10:25:17.583');
INSERT INTO `log_files` VALUES (55, '2025-04-19 10:35:17.638', '2025-04-19 10:35:17.644', NULL, '20250419102516.json', 'logs\\encrypted\\20250419102516.json', 13091, '2025-04-19 10:25:16.000', '2025-04-19 10:35:17.637', 0, 1, '/log/20250419102516.json', '2025-04-19 10:35:17.644');
INSERT INTO `log_files` VALUES (56, '2025-04-19 10:44:50.968', '2025-04-19 10:44:50.975', NULL, '20250419103517.json', 'logs\\encrypted\\20250419103517.json', 13091, '2025-04-19 10:35:17.000', '2025-04-19 10:44:50.967', 0, 1, '/log/20250419103517.json', '2025-04-19 10:44:50.975');
INSERT INTO `log_files` VALUES (57, '2025-04-20 01:53:17.444', '2025-04-20 01:53:17.449', NULL, '20250419104450.json', 'logs\\encrypted\\20250419104450.json', 15297, '2025-04-19 10:44:50.000', '2025-04-20 01:53:17.444', 0, 1, '/log/20250419104450.json', '2025-04-20 01:53:17.449');
INSERT INTO `log_files` VALUES (58, '2025-04-20 10:38:13.561', '2025-04-20 10:38:13.568', NULL, '20250420015317.json', 'logs\\encrypted\\20250420015317.json', 13093, '2025-04-20 01:53:17.000', '2025-04-20 10:38:13.561', 0, 1, '/log/20250420015317.json', '2025-04-20 10:38:13.568');
INSERT INTO `log_files` VALUES (59, '2025-04-20 10:48:15.449', '2025-04-20 10:48:15.454', NULL, '20250420103811.json', 'logs\\encrypted\\20250420103811.json', 13091, '2025-04-20 10:38:11.000', '2025-04-20 10:48:15.448', 0, 1, '/log/20250420103811.json', '2025-04-20 10:48:15.454');
INSERT INTO `log_files` VALUES (60, '2025-04-20 10:58:15.158', '2025-04-20 10:58:15.166', NULL, '20250420104813.json', 'logs\\encrypted\\20250420104813.json', 13091, '2025-04-20 10:48:13.000', '2025-04-20 10:58:15.158', 0, 1, '/log/20250420104813.json', '2025-04-20 10:58:15.165');
INSERT INTO `log_files` VALUES (61, '2025-04-20 11:08:15.336', '2025-04-20 11:08:15.343', NULL, '20250420105813.json', 'logs\\encrypted\\20250420105813.json', 13091, '2025-04-20 10:58:13.000', '2025-04-20 11:08:15.336', 0, 1, '/log/20250420105813.json', '2025-04-20 11:08:15.342');
INSERT INTO `log_files` VALUES (62, '2025-04-20 11:18:15.452', '2025-04-20 11:18:15.459', NULL, '20250420110813.json', 'logs\\encrypted\\20250420110813.json', 13091, '2025-04-20 11:08:13.000', '2025-04-20 11:18:15.452', 0, 1, '/log/20250420110813.json', '2025-04-20 11:18:15.459');
INSERT INTO `log_files` VALUES (63, '2025-04-20 11:27:31.243', '2025-04-20 11:27:31.255', NULL, '20250420111815.json', 'logs\\encrypted\\20250420111815.json', 13091, '2025-04-20 11:18:15.000', '2025-04-20 11:27:31.242', 0, 1, '/log/20250420111815.json', '2025-04-20 11:27:31.255');
INSERT INTO `log_files` VALUES (64, '2025-04-20 11:37:33.027', '2025-04-20 11:37:33.034', NULL, '20250420112729.json', 'logs\\encrypted\\20250420112729.json', 13091, '2025-04-20 11:27:29.000', '2025-04-20 11:37:33.026', 0, 1, '/log/20250420112729.json', '2025-04-20 11:37:33.034');
INSERT INTO `log_files` VALUES (65, '2025-04-20 11:47:33.303', '2025-04-20 11:47:33.311', NULL, '20250420113731.json', 'logs\\encrypted\\20250420113731.json', 13325, '2025-04-20 11:37:31.000', '2025-04-20 11:47:33.303', 0, 1, '/log/20250420113731.json', '2025-04-20 11:47:33.311');
INSERT INTO `log_files` VALUES (66, '2025-04-20 12:50:19.772', '2025-04-20 12:50:19.779', NULL, '20250420114733.json', 'logs\\encrypted\\20250420114733.json', 13326, '2025-04-20 11:47:33.000', '2025-04-20 12:50:19.772', 0, 1, '/log/20250420114733.json', '2025-04-20 12:50:19.779');
INSERT INTO `log_files` VALUES (67, '2025-04-20 13:00:21.238', '2025-04-20 13:00:21.244', NULL, '20250420125017.json', 'logs\\encrypted\\20250420125017.json', 13559, '2025-04-20 12:50:17.000', '2025-04-20 13:00:21.237', 0, 1, '/log/20250420125017.json', '2025-04-20 13:00:21.244');
INSERT INTO `log_files` VALUES (68, '2025-04-20 13:10:21.090', '2025-04-20 13:10:21.106', NULL, '20250420130019.json', 'logs\\encrypted\\20250420130019.json', 13559, '2025-04-20 13:00:19.000', '2025-04-20 13:10:21.089', 0, 1, '/log/20250420130019.json', '2025-04-20 13:10:21.106');
INSERT INTO `log_files` VALUES (69, '2025-04-20 13:20:21.246', '2025-04-20 13:20:21.254', NULL, '20250420131019.json', 'logs\\encrypted\\20250420131019.json', 13559, '2025-04-20 13:10:19.000', '2025-04-20 13:20:21.245', 0, 1, '/log/20250420131019.json', '2025-04-20 13:20:21.254');
INSERT INTO `log_files` VALUES (70, '2025-04-20 13:41:15.886', '2025-04-20 13:41:15.895', NULL, '20250420132021.json', 'logs\\encrypted\\20250420132021.json', 13560, '2025-04-20 13:20:21.000', '2025-04-20 13:41:15.885', 0, 1, '/log/20250420132021.json', '2025-04-20 13:41:15.894');
INSERT INTO `log_files` VALUES (71, '2025-04-20 13:51:17.088', '2025-04-20 13:51:17.094', NULL, '20250420134114.json', 'logs\\encrypted\\20250420134114.json', 13819, '2025-04-20 13:41:14.000', '2025-04-20 13:51:17.087', 0, 1, '/log/20250420134114.json', '2025-04-20 13:51:17.094');
INSERT INTO `log_files` VALUES (72, '2025-04-20 14:02:07.450', '2025-04-20 14:02:07.465', NULL, '20250420135117.json', 'logs\\encrypted\\20250420135117.json', 13819, '2025-04-20 13:51:17.000', '2025-04-20 14:02:07.449', 0, 1, '/log/20250420135117.json', '2025-04-20 14:02:07.465');
INSERT INTO `log_files` VALUES (73, '2025-04-20 14:03:28.951', '2025-04-20 14:03:28.957', NULL, '20250420140207.json', 'logs\\encrypted\\20250420140207.json', 13818, '2025-04-20 14:02:07.000', '2025-04-20 14:03:28.951', 0, 1, '/log/20250420140207.json', '2025-04-20 14:03:28.957');
INSERT INTO `log_files` VALUES (74, '2025-04-20 14:13:30.916', '2025-04-20 14:13:30.928', NULL, '20250420140327.json', 'logs\\encrypted\\20250420140327.json', 13819, '2025-04-20 14:03:27.000', '2025-04-20 14:13:30.916', 0, 1, '/log/20250420140327.json', '2025-04-20 14:13:30.928');
INSERT INTO `log_files` VALUES (75, '2025-04-20 14:33:30.269', '2025-04-20 14:33:30.280', NULL, '20250420141328.json', 'logs\\encrypted\\20250420141328.json', 13820, '2025-04-20 14:13:28.000', '2025-04-20 14:33:30.268', 0, 1, '/log/20250420141328.json', '2025-04-20 14:33:30.280');
INSERT INTO `log_files` VALUES (76, '2025-04-20 14:43:30.681', '2025-04-20 14:43:30.691', NULL, '20250420143328.json', 'logs\\encrypted\\20250420143328.json', 13819, '2025-04-20 14:33:28.000', '2025-04-20 14:43:30.680', 0, 1, '/log/20250420143328.json', '2025-04-20 14:43:30.690');
INSERT INTO `log_files` VALUES (77, '2025-04-20 14:53:30.606', '2025-04-20 14:53:30.619', NULL, '20250420144328.json', 'logs\\encrypted\\20250420144328.json', 13819, '2025-04-20 14:43:28.000', '2025-04-20 14:53:30.605', 0, 1, '/log/20250420144328.json', '2025-04-20 14:53:30.617');
INSERT INTO `log_files` VALUES (78, '2025-04-20 15:03:31.494', '2025-04-20 15:03:31.503', NULL, '20250420145328.json', 'logs\\encrypted\\20250420145328.json', 13819, '2025-04-20 14:53:28.000', '2025-04-20 15:03:31.493', 0, 1, '/log/20250420145328.json', '2025-04-20 15:03:31.502');
INSERT INTO `log_files` VALUES (79, '2025-04-20 15:13:30.270', '2025-04-20 15:13:30.281', NULL, '20250420150328.json', 'logs\\encrypted\\20250420150328.json', 13819, '2025-04-20 15:03:28.000', '2025-04-20 15:13:30.269', 0, 1, '/log/20250420150328.json', '2025-04-20 15:13:30.281');
INSERT INTO `log_files` VALUES (80, '2025-04-20 15:23:30.451', '2025-04-20 15:23:30.459', NULL, '20250420151328.json', 'logs\\encrypted\\20250420151328.json', 13819, '2025-04-20 15:13:28.000', '2025-04-20 15:23:30.451', 0, 1, '/log/20250420151328.json', '2025-04-20 15:23:30.459');
INSERT INTO `log_files` VALUES (81, '2025-04-20 15:33:30.716', '2025-04-20 15:33:30.723', NULL, '20250420152328.json', 'logs\\encrypted\\20250420152328.json', 13819, '2025-04-20 15:23:28.000', '2025-04-20 15:33:30.716', 0, 1, '/log/20250420152328.json', '2025-04-20 15:33:30.723');
INSERT INTO `log_files` VALUES (82, '2025-04-20 15:43:30.992', '2025-04-20 15:43:31.005', NULL, '20250420153328.json', 'logs\\encrypted\\20250420153328.json', 13819, '2025-04-20 15:33:28.000', '2025-04-20 15:43:30.992', 0, 1, '/log/20250420153328.json', '2025-04-20 15:43:31.005');
INSERT INTO `log_files` VALUES (83, '2025-04-20 15:53:30.252', '2025-04-20 15:53:30.262', NULL, '20250420154328.json', 'logs\\encrypted\\20250420154328.json', 13819, '2025-04-20 15:43:28.000', '2025-04-20 15:53:30.251', 0, 1, '/log/20250420154328.json', '2025-04-20 15:53:30.262');
INSERT INTO `log_files` VALUES (84, '2025-04-20 16:03:30.646', '2025-04-20 16:03:30.664', NULL, '20250420155328.json', 'logs\\encrypted\\20250420155328.json', 13819, '2025-04-20 15:53:28.000', '2025-04-20 16:03:30.644', 0, 1, '/log/20250420155328.json', '2025-04-20 16:03:30.663');
INSERT INTO `log_files` VALUES (85, '2025-04-20 16:13:30.986', '2025-04-20 16:13:30.999', NULL, '20250420160328.json', 'logs\\encrypted\\20250420160328.json', 13819, '2025-04-20 16:03:28.000', '2025-04-20 16:13:30.985', 0, 1, '/log/20250420160328.json', '2025-04-20 16:13:30.998');
INSERT INTO `log_files` VALUES (86, '2025-04-20 16:15:01.631', '2025-04-20 16:15:01.636', NULL, '20250420161330.json', 'logs\\encrypted\\20250420161330.json', 13818, '2025-04-20 16:13:30.000', '2025-04-20 16:15:01.630', 0, 1, '/log/20250420161330.json', '2025-04-20 16:15:01.636');
INSERT INTO `log_files` VALUES (87, '2025-04-20 16:25:03.650', '2025-04-20 16:25:03.658', NULL, '20250420161459.json', 'logs\\encrypted\\20250420161459.json', 14050, '2025-04-20 16:14:59.000', '2025-04-20 16:25:03.649', 0, 1, '/log/20250420161459.json', '2025-04-20 16:25:03.658');
INSERT INTO `log_files` VALUES (88, '2025-04-20 16:35:03.615', '2025-04-20 16:35:03.624', NULL, '20250420162501.json', 'logs\\encrypted\\20250420162501.json', 14050, '2025-04-20 16:25:01.000', '2025-04-20 16:35:03.614', 0, 1, '/log/20250420162501.json', '2025-04-20 16:35:03.624');
INSERT INTO `log_files` VALUES (89, '2025-04-20 16:55:28.780', '2025-04-20 16:55:28.786', NULL, '20250420163503.json', 'logs\\encrypted\\20250420163503.json', 14051, '2025-04-20 16:35:03.000', '2025-04-20 16:55:28.779', 0, 1, '/log/20250420163503.json', '2025-04-20 16:55:28.786');
INSERT INTO `log_files` VALUES (90, '2025-04-20 17:08:12.299', '2025-04-20 17:08:12.306', NULL, '20250420165528.json', 'logs\\encrypted\\20250420165528.json', 14050, '2025-04-20 16:55:28.000', '2025-04-20 17:08:12.299', 0, 1, '/log/20250420165528.json', '2025-04-20 17:08:12.306');
INSERT INTO `log_files` VALUES (91, '2025-04-20 17:18:14.069', '2025-04-20 17:18:14.079', NULL, '20250420170810.json', 'logs\\encrypted\\20250420170810.json', 14298, '2025-04-20 17:08:10.000', '2025-04-20 17:18:14.069', 0, 1, '/log/20250420170810.json', '2025-04-20 17:18:14.078');
INSERT INTO `log_files` VALUES (92, '2025-04-20 17:28:13.898', '2025-04-20 17:28:13.905', NULL, '20250420171812.json', 'logs\\encrypted\\20250420171812.json', 14298, '2025-04-20 17:18:12.000', '2025-04-20 17:28:13.896', 0, 1, '/log/20250420171812.json', '2025-04-20 17:28:13.905');
INSERT INTO `log_files` VALUES (93, '2025-04-21 03:15:14.142', '2025-04-21 03:15:14.149', NULL, '20250420172813.json', 'logs\\encrypted\\20250420172813.json', 14300, '2025-04-20 17:28:13.000', '2025-04-21 03:15:14.142', 0, 1, '/log/20250420172813.json', '2025-04-21 03:15:14.149');
INSERT INTO `log_files` VALUES (94, '2025-04-21 03:19:02.220', '2025-04-21 03:19:02.228', NULL, '20250421031514.json', 'logs\\encrypted\\20250421031514.json', 14304, '2025-04-21 03:15:14.000', '2025-04-21 03:19:02.220', 0, 1, '/log/20250421031514.json', '2025-04-21 03:19:02.227');
INSERT INTO `log_files` VALUES (95, '2025-04-21 03:30:51.330', '2025-04-21 03:30:51.336', NULL, '20250421031902.json', 'logs\\encrypted\\20250421031902.json', 14304, '2025-04-21 03:19:02.000', '2025-04-21 03:30:51.329', 0, 1, '/log/20250421031902.json', '2025-04-21 03:30:51.336');
INSERT INTO `log_files` VALUES (96, '2025-04-21 03:34:14.749', '2025-04-21 03:34:14.757', NULL, '20250421033051.json', 'logs\\encrypted\\20250421033051.json', 14303, '2025-04-21 03:30:51.000', '2025-04-21 03:34:14.749', 0, 1, '/log/20250421033051.json', '2025-04-21 03:34:14.756');
INSERT INTO `log_files` VALUES (97, '2025-04-21 03:49:13.334', '2025-04-21 03:49:13.340', NULL, '20250421033414.json', 'logs\\encrypted\\20250421033414.json', 14301, '2025-04-21 03:34:14.000', '2025-04-21 03:49:13.333', 0, 1, '/log/20250421033414.json', '2025-04-21 03:49:13.339');
INSERT INTO `log_files` VALUES (98, '2025-04-21 03:50:08.130', '2025-04-21 03:50:08.136', NULL, '20250421034913.json', 'logs\\encrypted\\20250421034913.json', 14303, '2025-04-21 03:49:13.000', '2025-04-21 03:50:08.130', 0, 1, '/log/20250421034913.json', '2025-04-21 03:50:08.136');
INSERT INTO `log_files` VALUES (99, '2025-04-21 03:50:55.714', '2025-04-21 03:50:55.722', NULL, '20250421035008.json', 'logs\\encrypted\\20250421035008.json', 14303, '2025-04-21 03:50:08.000', '2025-04-21 03:50:55.714', 0, 1, '/log/20250421035008.json', '2025-04-21 03:50:55.722');
INSERT INTO `log_files` VALUES (100, '2025-04-21 14:31:13.558', '2025-04-21 14:31:13.577', NULL, '20250421035055.json', 'logs\\encrypted\\20250421035055.json', 14306, '2025-04-21 03:50:55.000', '2025-04-21 14:31:13.557', 0, 1, '/log/20250421035055.json', '2025-04-21 14:31:13.577');
INSERT INTO `log_files` VALUES (101, '2025-04-21 23:06:37.867', '2025-04-21 23:06:37.891', NULL, '20250421143113.json', 'logs\\encrypted\\20250421143113.json', 14306, '2025-04-21 14:31:13.000', '2025-04-21 23:06:37.866', 0, 1, '/log/20250421143113.json', '2025-04-21 23:06:37.891');
INSERT INTO `log_files` VALUES (102, '2025-04-21 23:32:55.061', '2025-04-21 23:32:55.068', NULL, '20250421230637.json', 'logs\\encrypted\\20250421230637.json', 14305, '2025-04-21 23:06:37.000', '2025-04-21 23:32:55.061', 0, 1, '/log/20250421230637.json', '2025-04-21 23:32:55.068');
INSERT INTO `log_files` VALUES (103, '2025-04-21 23:33:30.978', '2025-04-21 23:33:30.985', NULL, '20250421233255.json', 'logs\\encrypted\\20250421233255.json', 14303, '2025-04-21 23:32:55.000', '2025-04-21 23:33:30.977', 0, 1, '/log/20250421233255.json', '2025-04-21 23:33:30.985');
INSERT INTO `log_files` VALUES (104, '2025-04-21 23:34:44.760', '2025-04-21 23:34:44.766', NULL, '20250421233330.json', 'logs\\encrypted\\20250421233330.json', 14303, '2025-04-21 23:33:30.000', '2025-04-21 23:34:44.760', 0, 1, '/log/20250421233330.json', '2025-04-21 23:34:44.766');
INSERT INTO `log_files` VALUES (105, '2025-04-21 23:34:56.941', '2025-04-21 23:34:56.951', NULL, '20250421233444.json', 'logs\\encrypted\\20250421233444.json', 14303, '2025-04-21 23:34:44.000', '2025-04-21 23:34:56.941', 0, 1, '/log/20250421233444.json', '2025-04-21 23:34:56.951');
INSERT INTO `log_files` VALUES (106, '2025-04-21 23:42:04.235', '2025-04-21 23:42:04.244', NULL, '20250421233456.json', 'logs\\encrypted\\20250421233456.json', 14304, '2025-04-21 23:34:56.000', '2025-04-21 23:42:04.235', 0, 1, '/log/20250421233456.json', '2025-04-21 23:42:04.243');
INSERT INTO `log_files` VALUES (107, '2025-04-21 23:52:06.128', '2025-04-21 23:52:06.135', NULL, '20250421234202.json', 'logs\\encrypted\\20250421234202.json', 14304, '2025-04-21 23:42:02.000', '2025-04-21 23:52:06.127', 0, 1, '/log/20250421234202.json', '2025-04-21 23:52:06.135');
INSERT INTO `log_files` VALUES (108, '2025-04-22 00:27:18.259', '2025-04-22 00:27:18.265', NULL, '20250421235206.json', 'logs\\encrypted\\20250421235206.json', 14305, '2025-04-21 23:52:06.000', '2025-04-22 00:27:18.258', 0, 1, '/log/20250421235206.json', '2025-04-22 00:27:18.265');
INSERT INTO `log_files` VALUES (109, '2025-04-22 00:37:19.864', '2025-04-22 00:37:19.870', NULL, '20250422002716.json', 'logs\\encrypted\\20250422002716.json', 14301, '2025-04-22 00:27:16.000', '2025-04-22 00:37:19.863', 0, 1, '/log/20250422002716.json', '2025-04-22 00:37:19.870');
INSERT INTO `log_files` VALUES (110, '2025-04-22 01:31:12.398', '2025-04-22 01:31:12.407', NULL, '20250422003719.json', 'logs\\encrypted\\20250422003719.json', 14302, '2025-04-22 00:37:19.000', '2025-04-22 01:31:12.397', 0, 1, '/log/20250422003719.json', '2025-04-22 01:31:12.406');
INSERT INTO `log_files` VALUES (111, '2025-04-22 01:46:58.056', '2025-04-22 01:46:58.063', NULL, '20250422013112.json', 'logs\\encrypted\\20250422013112.json', 14301, '2025-04-22 01:31:12.000', '2025-04-22 01:46:58.056', 0, 1, '/log/20250422013112.json', '2025-04-22 01:46:58.062');
INSERT INTO `log_files` VALUES (112, '2025-04-22 01:52:07.636', '2025-04-22 01:52:07.643', NULL, '20250422014658.json', 'logs\\encrypted\\20250422014658.json', 14301, '2025-04-22 01:46:58.000', '2025-04-22 01:52:07.636', 0, 1, '/log/20250422014658.json', '2025-04-22 01:52:07.643');
INSERT INTO `log_files` VALUES (113, '2025-04-22 01:52:45.349', '2025-04-22 01:52:45.357', NULL, '20250422015207.json', 'logs\\encrypted\\20250422015207.json', 14300, '2025-04-22 01:52:07.000', '2025-04-22 01:52:45.348', 0, 1, '/log/20250422015207.json', '2025-04-22 01:52:45.357');
INSERT INTO `log_files` VALUES (114, '2025-04-22 01:53:21.530', '2025-04-22 01:53:21.538', NULL, '20250422015245.json', 'logs\\encrypted\\20250422015245.json', 14300, '2025-04-22 01:52:45.000', '2025-04-22 01:53:21.529', 0, 1, '/log/20250422015245.json', '2025-04-22 01:53:21.538');
INSERT INTO `log_files` VALUES (115, '2025-04-22 08:38:56.664', '2025-04-22 08:38:56.672', NULL, '20250422015321.json', 'logs\\encrypted\\20250422015321.json', 14303, '2025-04-22 01:53:21.000', '2025-04-22 08:38:56.663', 0, 1, '/log/20250422015321.json', '2025-04-22 08:38:56.671');
INSERT INTO `log_files` VALUES (116, '2025-04-22 11:06:39.395', '2025-04-22 11:06:39.402', NULL, '20250422083856.json', 'logs\\encrypted\\20250422083856.json', 14302, '2025-04-22 08:38:56.000', '2025-04-22 11:06:39.394', 0, 1, '/log/20250422083856.json', '2025-04-22 11:06:39.402');
INSERT INTO `log_files` VALUES (117, '2025-04-22 11:16:40.670', '2025-04-22 11:16:40.681', NULL, '20250422110637.json', 'logs\\encrypted\\20250422110637.json', 14301, '2025-04-22 11:06:37.000', '2025-04-22 11:16:40.669', 0, 1, '/log/20250422110637.json', '2025-04-22 11:16:40.681');
INSERT INTO `log_files` VALUES (118, '2025-04-22 11:26:40.556', '2025-04-22 11:26:40.563', NULL, '20250422111639.json', 'logs\\encrypted\\20250422111639.json', 14301, '2025-04-22 11:16:39.000', '2025-04-22 11:26:40.556', 0, 1, '/log/20250422111639.json', '2025-04-22 11:26:40.562');
INSERT INTO `log_files` VALUES (119, '2025-04-22 11:36:40.795', '2025-04-22 11:36:40.811', NULL, '20250422112639.json', 'logs\\encrypted\\20250422112639.json', 14301, '2025-04-22 11:26:39.000', '2025-04-22 11:36:40.795', 0, 1, '/log/20250422112639.json', '2025-04-22 11:36:40.811');
INSERT INTO `log_files` VALUES (120, '2025-04-22 11:46:40.939', '2025-04-22 11:46:40.947', NULL, '20250422113639.json', 'logs\\encrypted\\20250422113639.json', 14301, '2025-04-22 11:36:39.000', '2025-04-22 11:46:40.939', 0, 1, '/log/20250422113639.json', '2025-04-22 11:46:40.947');
INSERT INTO `log_files` VALUES (121, '2025-04-22 11:56:41.301', '2025-04-22 11:56:41.307', NULL, '20250422114639.json', 'logs\\encrypted\\20250422114639.json', 14301, '2025-04-22 11:46:39.000', '2025-04-22 11:56:41.299', 0, 1, '/log/20250422114639.json', '2025-04-22 11:56:41.307');
INSERT INTO `log_files` VALUES (122, '2025-04-22 12:09:02.626', '2025-04-22 12:09:02.632', NULL, '20250422115641.json', 'logs\\encrypted\\20250422115641.json', 14301, '2025-04-22 11:56:41.000', '2025-04-22 12:09:02.625', 0, 1, '/log/20250422115641.json', '2025-04-22 12:09:02.632');
INSERT INTO `log_files` VALUES (123, '2025-04-22 12:19:03.853', '2025-04-22 12:19:03.860', NULL, '20250422120901.json', 'logs\\encrypted\\20250422120901.json', 14533, '2025-04-22 12:09:01.000', '2025-04-22 12:19:03.852', 0, 1, '/log/20250422120901.json', '2025-04-22 12:19:03.860');
INSERT INTO `log_files` VALUES (124, '2025-04-22 12:29:04.930', '2025-04-22 12:29:04.936', NULL, '20250422121902.json', 'logs\\encrypted\\20250422121902.json', 14533, '2025-04-22 12:19:02.000', '2025-04-22 12:29:04.930', 0, 1, '/log/20250422121902.json', '2025-04-22 12:29:04.936');
INSERT INTO `log_files` VALUES (125, '2025-04-22 12:39:03.886', '2025-04-22 12:39:03.892', NULL, '20250422122902.json', 'logs\\encrypted\\20250422122902.json', 14533, '2025-04-22 12:29:02.000', '2025-04-22 12:39:03.886', 0, 1, '/log/20250422122902.json', '2025-04-22 12:39:03.892');
INSERT INTO `log_files` VALUES (126, '2025-04-22 13:13:25.864', '2025-04-22 13:13:25.872', NULL, '20250422123903.json', 'logs\\encrypted\\20250422123903.json', 14537, '2025-04-22 12:39:03.000', '2025-04-22 13:13:25.863', 0, 1, '/log/20250422123903.json', '2025-04-22 13:13:25.871');
INSERT INTO `log_files` VALUES (127, '2025-04-22 13:23:27.414', '2025-04-22 13:23:27.419', NULL, '20250422131324.json', 'logs\\encrypted\\20250422131324.json', 15005, '2025-04-22 13:13:24.000', '2025-04-22 13:23:27.413', 0, 1, '/log/20250422131324.json', '2025-04-22 13:23:27.419');
INSERT INTO `log_files` VALUES (128, '2025-04-22 13:33:27.054', '2025-04-22 13:33:27.061', NULL, '20250422132325.json', 'logs\\encrypted\\20250422132325.json', 15006, '2025-04-22 13:23:25.000', '2025-04-22 13:33:27.054', 0, 1, '/log/20250422132325.json', '2025-04-22 13:33:27.061');
INSERT INTO `log_files` VALUES (129, '2025-04-22 13:38:44.697', '2025-04-22 13:38:44.703', NULL, '20250422133327.json', 'logs\\encrypted\\20250422133327.json', 15006, '2025-04-22 13:33:27.000', '2025-04-22 13:38:44.697', 0, 1, '/log/20250422133327.json', '2025-04-22 13:38:44.703');
INSERT INTO `log_files` VALUES (130, '2025-04-22 22:52:46.640', '2025-04-22 22:52:46.651', NULL, '20250422133844.json', 'logs\\encrypted\\20250422133844.json', 15008, '2025-04-22 13:38:44.000', '2025-04-22 22:52:46.640', 0, 1, '/log/20250422133844.json', '2025-04-22 22:52:46.651');
INSERT INTO `log_files` VALUES (131, '2025-04-22 22:55:23.308', '2025-04-22 22:55:23.314', NULL, '20250422225246.json', 'logs\\encrypted\\20250422225246.json', 15006, '2025-04-22 22:52:46.000', '2025-04-22 22:55:23.307', 0, 1, '/log/20250422225246.json', '2025-04-22 22:55:23.314');
INSERT INTO `log_files` VALUES (132, '2025-04-22 23:25:54.733', '2025-04-22 23:25:54.743', NULL, '20250422225523.json', 'logs\\encrypted\\20250422225523.json', 15007, '2025-04-22 22:55:23.000', '2025-04-22 23:25:54.733', 0, 1, '/log/20250422225523.json', '2025-04-22 23:25:54.743');
INSERT INTO `log_files` VALUES (133, '2025-04-23 00:10:26.221', '2025-04-23 00:10:26.228', NULL, '20250422232554.json', 'logs\\encrypted\\20250422232554.json', 15007, '2025-04-22 23:25:54.000', '2025-04-23 00:10:26.221', 0, 1, '/log/20250422232554.json', '2025-04-23 00:10:26.228');
INSERT INTO `log_files` VALUES (134, '2025-04-23 02:03:54.355', '2025-04-23 02:03:54.365', NULL, '20250423001026.json', 'logs\\encrypted\\20250423001026.json', 15007, '2025-04-23 00:10:26.000', '2025-04-23 02:03:54.355', 0, 1, '/log/20250423001026.json', '2025-04-23 02:03:54.365');
INSERT INTO `log_files` VALUES (135, '2025-04-23 03:48:01.963', '2025-04-23 03:48:01.970', NULL, '20250423020354.json', 'logs\\encrypted\\20250423020354.json', 15007, '2025-04-23 02:03:54.000', '2025-04-23 03:48:01.963', 0, 1, 'logs/20250423020354.json', '2025-04-23 03:48:01.970');
INSERT INTO `log_files` VALUES (136, '2025-04-23 03:53:43.063', '2025-04-23 03:53:43.069', NULL, '20250423034801.json', 'logs\\encrypted\\20250423034801.json', 15006, '2025-04-23 03:48:01.000', '2025-04-23 03:53:43.062', 0, 1, 'logs/20250423034801.json', '2025-04-23 03:53:43.069');
INSERT INTO `log_files` VALUES (137, '2025-04-23 04:10:30.324', '2025-04-23 04:10:30.332', NULL, '20250423035343.json', 'logs\\encrypted\\20250423035343.json', 15007, '2025-04-23 03:53:43.000', '2025-04-23 04:10:30.324', 0, 1, 'logs/20250423035343.json', '2025-04-23 04:10:30.332');
INSERT INTO `log_files` VALUES (138, '2025-04-23 04:15:35.836', '2025-04-23 04:15:35.843', NULL, '20250423041030.json', 'logs\\encrypted\\20250423041030.json', 15006, '2025-04-23 04:10:30.000', '2025-04-23 04:15:35.836', 0, 1, 'logs/20250423041030.json', '2025-04-23 04:15:35.843');
INSERT INTO `log_files` VALUES (139, '2025-04-23 04:17:24.308', '2025-04-23 04:17:24.315', NULL, '20250423041535.json', 'logs\\encrypted\\20250423041535.json', 15006, '2025-04-23 04:15:35.000', '2025-04-23 04:17:24.308', 0, 1, 'logs/20250423041535.json', '2025-04-23 04:17:24.315');
INSERT INTO `log_files` VALUES (140, '2025-04-23 04:28:31.620', '2025-04-23 04:28:31.627', NULL, '20250423041724.json', 'logs\\encrypted\\20250423041724.json', 15006, '2025-04-23 04:17:24.000', '2025-04-23 04:28:31.620', 0, 1, 'logs/20250423041724.json', '2025-04-23 04:28:31.627');
INSERT INTO `log_files` VALUES (141, '2025-04-23 04:29:24.581', '2025-04-23 04:29:24.589', NULL, '20250423042831.json', 'logs\\encrypted\\20250423042831.json', 15005, '2025-04-23 04:28:31.000', '2025-04-23 04:29:24.580', 0, 1, 'logs/20250423042831.json', '2025-04-23 04:29:24.588');
INSERT INTO `log_files` VALUES (142, '2025-04-23 04:31:32.184', '2025-04-23 04:31:32.190', NULL, '20250423042924.json', 'logs\\encrypted\\20250423042924.json', 15006, '2025-04-23 04:29:24.000', '2025-04-23 04:31:32.184', 0, 1, 'logs/20250423042924.json', '2025-04-23 04:31:32.190');
INSERT INTO `log_files` VALUES (143, '2025-04-23 04:40:17.111', '2025-04-23 04:40:17.119', NULL, '20250423043132.json', 'logs\\encrypted\\20250423043132.json', 15006, '2025-04-23 04:31:32.000', '2025-04-23 04:40:17.111', 0, 1, 'logs/20250423043132.json', '2025-04-23 04:40:17.119');
INSERT INTO `log_files` VALUES (144, '2025-04-23 04:45:01.878', '2025-04-23 04:45:01.885', NULL, '20250423044017.json', 'logs\\encrypted\\20250423044017.json', 15006, '2025-04-23 04:40:17.000', '2025-04-23 04:45:01.877', 0, 1, 'logs/20250423044017.json', '2025-04-23 04:45:01.885');
INSERT INTO `log_files` VALUES (145, '2025-04-23 04:45:33.931', '2025-04-23 04:45:33.936', NULL, '20250423044501.json', 'logs\\encrypted\\20250423044501.json', 15005, '2025-04-23 04:45:01.000', '2025-04-23 04:45:33.930', 0, 1, 'logs/20250423044501.json', '2025-04-23 04:45:33.936');
INSERT INTO `log_files` VALUES (146, '2025-04-23 04:46:24.869', '2025-04-23 04:46:24.876', NULL, '20250423044533.json', 'logs\\encrypted\\20250423044533.json', 15005, '2025-04-23 04:45:33.000', '2025-04-23 04:46:24.869', 0, 1, 'logs/20250423044533.json', '2025-04-23 04:46:24.876');
INSERT INTO `log_files` VALUES (147, '2025-04-23 04:47:39.671', '2025-04-23 04:47:39.678', NULL, '20250423044624.json', 'logs\\encrypted\\20250423044624.json', 15005, '2025-04-23 04:46:24.000', '2025-04-23 04:47:39.671', 0, 1, 'logs/20250423044624.json', '2025-04-23 04:47:39.678');
INSERT INTO `log_files` VALUES (148, '2025-04-23 04:52:57.951', '2025-04-23 04:52:57.956', NULL, '20250423044739.json', 'logs\\encrypted\\20250423044739.json', 15006, '2025-04-23 04:47:39.000', '2025-04-23 04:52:57.950', 0, 1, 'logs/20250423044739.json', '2025-04-23 04:52:57.956');
INSERT INTO `log_files` VALUES (149, '2025-04-23 04:53:56.401', '2025-04-23 04:53:56.409', NULL, '20250423045257.json', 'logs\\encrypted\\20250423045257.json', 15005, '2025-04-23 04:52:57.000', '2025-04-23 04:53:56.401', 0, 1, 'logs/20250423045257.json', '2025-04-23 04:53:56.409');
INSERT INTO `log_files` VALUES (150, '2025-04-23 08:14:10.512', '2025-04-23 08:14:10.520', NULL, '20250423045356.json', 'logs\\encrypted\\20250423045356.json', 15008, '2025-04-23 04:53:56.000', '2025-04-23 08:14:10.512', 0, 1, 'logs/20250423045356.json', '2025-04-23 08:14:10.520');
INSERT INTO `log_files` VALUES (151, '2025-04-23 08:14:46.603', '2025-04-23 08:14:46.609', NULL, '20250423081410.json', 'logs\\encrypted\\20250423081410.json', 15005, '2025-04-23 08:14:10.000', '2025-04-23 08:14:46.602', 0, 1, 'logs/20250423081410.json', '2025-04-23 08:14:46.609');
INSERT INTO `log_files` VALUES (152, '2025-04-23 08:20:05.561', '2025-04-23 08:20:05.566', NULL, '20250423081446.json', 'logs\\encrypted\\20250423081446.json', 15006, '2025-04-23 08:14:46.000', '2025-04-23 08:20:05.560', 0, 1, 'logs/20250423081446.json', '2025-04-23 08:20:05.566');
INSERT INTO `log_files` VALUES (153, '2025-04-23 08:23:58.683', '2025-04-23 08:23:58.690', NULL, '20250423082005.json', 'logs\\encrypted\\20250423082005.json', 15006, '2025-04-23 08:20:05.000', '2025-04-23 08:23:58.682', 0, 1, 'logs/20250423082005.json', '2025-04-23 08:23:58.690');
INSERT INTO `log_files` VALUES (154, '2025-04-23 08:25:03.141', '2025-04-23 08:25:03.149', NULL, '20250423082358.json', 'logs\\encrypted\\20250423082358.json', 15005, '2025-04-23 08:23:58.000', '2025-04-23 08:25:03.140', 0, 1, 'logs/20250423082358.json', '2025-04-23 08:25:03.148');
INSERT INTO `log_files` VALUES (155, '2025-04-23 08:33:10.927', '2025-04-23 08:33:10.933', NULL, '20250423082503.json', 'logs\\encrypted\\20250423082503.json', 15006, '2025-04-23 08:25:03.000', '2025-04-23 08:33:10.926', 0, 1, 'logs/20250423082503.json', '2025-04-23 08:33:10.933');
INSERT INTO `log_files` VALUES (156, '2025-04-23 23:38:54.449', '2025-04-23 23:38:54.456', NULL, '20250423083310.json', 'logs\\encrypted\\20250423083310.json', 15008, '2025-04-23 08:33:10.000', '2025-04-23 23:38:54.448', 0, 1, 'logs/20250423083310.json', '2025-04-23 23:38:54.455');
INSERT INTO `log_files` VALUES (157, '2025-04-23 23:43:08.901', '2025-04-23 23:43:08.906', NULL, '20250423233854.json', 'logs\\encrypted\\20250423233854.json', 15006, '2025-04-23 23:38:54.000', '2025-04-23 23:43:08.900', 0, 1, 'logs/20250423233854.json', '2025-04-23 23:43:08.906');
INSERT INTO `log_files` VALUES (158, '2025-04-24 00:20:01.259', '2025-04-24 00:20:01.264', NULL, '20250423234308.json', 'logs\\encrypted\\20250423234308.json', 28540, '2025-04-23 23:43:08.000', '2025-04-24 00:20:01.258', 0, 1, 'logs/20250423234308.json', '2025-04-24 00:20:01.264');
INSERT INTO `log_files` VALUES (159, '2025-04-24 00:20:35.344', '2025-04-24 00:20:35.349', NULL, '20250424002001.json', 'logs\\20250424002001.json', 28156, '2025-04-24 00:20:01.000', '2025-04-24 00:20:35.344', 0, 1, 'logs/20250424002001.json', '2025-04-24 00:20:35.348');
INSERT INTO `log_files` VALUES (160, '2025-04-24 00:25:32.519', '2025-04-24 00:25:32.525', NULL, '20250424002035.json', 'logs\\20250424002035.json', 29087, '2025-04-24 00:20:35.000', '2025-04-24 00:25:32.518', 0, 1, 'logs/20250424002035.json', '2025-04-24 00:25:32.525');
INSERT INTO `log_files` VALUES (161, '2025-04-24 00:30:18.299', '2025-04-24 00:30:18.305', NULL, '20250424002532.json', 'logs\\20250424002532.json', 27504, '2025-04-24 00:25:32.000', '2025-04-24 00:30:18.298', 0, 1, 'logs/20250424002532.json', '2025-04-24 00:30:18.305');
INSERT INTO `log_files` VALUES (162, '2025-04-24 00:31:39.966', '2025-04-24 00:31:39.973', NULL, '20250424003018.json', 'logs\\20250424003018.json', 28305, '2025-04-24 00:30:18.000', '2025-04-24 00:31:39.965', 0, 1, 'logs/20250424003018.json', '2025-04-24 00:31:39.973');
INSERT INTO `log_files` VALUES (163, '2025-04-24 00:31:46.171', '2025-04-24 00:31:46.176', NULL, '20250424003139.json', 'logs\\20250424003139.json', 27724, '2025-04-24 00:31:39.000', '2025-04-24 00:31:46.170', 0, 1, 'logs/20250424003139.json', '2025-04-24 00:31:46.176');
INSERT INTO `log_files` VALUES (164, '2025-04-24 00:32:18.906', '2025-04-24 00:32:18.913', NULL, '20250424003146.json', 'logs\\20250424003146.json', 28272, '2025-04-24 00:31:46.000', '2025-04-24 00:32:18.906', 0, 1, 'logs/20250424003146.json', '2025-04-24 00:32:18.913');
INSERT INTO `log_files` VALUES (165, '2025-04-24 00:33:40.238', '2025-04-24 00:33:40.245', NULL, '20250424003218.json', 'logs\\20250424003218.json', 26891, '2025-04-24 00:32:18.000', '2025-04-24 00:33:40.237', 0, 1, 'logs/20250424003218.json', '2025-04-24 00:33:40.245');
INSERT INTO `log_files` VALUES (166, '2025-04-24 00:34:22.990', '2025-04-24 00:34:22.996', NULL, '20250424003340.json', 'logs\\20250424003340.json', 28118, '2025-04-24 00:33:40.000', '2025-04-24 00:34:22.990', 0, 1, 'logs/20250424003340.json', '2025-04-24 00:34:22.996');
INSERT INTO `log_files` VALUES (167, '2025-04-24 01:32:19.966', '2025-04-24 01:32:19.973', NULL, '20250424003422.json', 'logs\\20250424003422.json', 27915, '2025-04-24 00:34:22.000', '2025-04-24 01:32:19.966', 0, 1, 'logs/20250424003422.json', '2025-04-24 01:32:19.973');
INSERT INTO `log_files` VALUES (168, '2025-04-24 01:35:28.015', '2025-04-24 01:35:28.022', NULL, '20250424013219.json', 'logs\\20250424013219.json', 29529, '2025-04-24 01:32:19.000', '2025-04-24 01:35:28.015', 0, 1, 'logs/20250424013219.json', '2025-04-24 01:35:28.022');
INSERT INTO `log_files` VALUES (169, '2025-04-24 01:37:58.084', '2025-04-24 01:37:58.091', NULL, '20250424013528.json', 'logs\\20250424013528.json', 27937, '2025-04-24 01:35:28.000', '2025-04-24 01:37:58.084', 0, 1, 'logs/20250424013528.json', '2025-04-24 01:37:58.091');
INSERT INTO `log_files` VALUES (170, '2025-04-24 01:38:57.444', '2025-04-24 01:38:57.451', NULL, '20250424013758.json', 'logs\\20250424013758.json', 26718, '2025-04-24 01:37:58.000', '2025-04-24 01:38:57.444', 0, 1, 'logs/20250424013758.json', '2025-04-24 01:38:57.451');
INSERT INTO `log_files` VALUES (171, '2025-04-24 01:58:15.938', '2025-04-24 01:58:15.944', NULL, '20250424013857.json', 'logs\\20250424013857.json', 27750, '2025-04-24 01:38:57.000', '2025-04-24 01:58:15.938', 0, 1, 'logs/20250424013857.json', '2025-04-24 01:58:15.944');
INSERT INTO `log_files` VALUES (172, '2025-04-24 02:02:05.756', '2025-04-24 02:02:05.763', NULL, '20250424015815.json', 'logs\\20250424015815.json', 28927, '2025-04-24 01:58:15.000', '2025-04-24 02:02:05.755', 0, 1, 'logs/20250424015815.json', '2025-04-24 02:02:05.763');
INSERT INTO `log_files` VALUES (173, '2025-04-24 08:11:37.214', '2025-04-24 08:11:37.222', NULL, '20250424020205.json', 'logs\\20250424020205.json', 28891, '2025-04-24 02:02:05.000', '2025-04-24 08:11:37.214', 0, 1, 'logs/20250424020205.json', '2025-04-24 08:11:37.222');
INSERT INTO `log_files` VALUES (174, '2025-04-24 08:14:08.695', '2025-04-24 08:14:08.702', NULL, '20250424081137.json', 'logs\\20250424081137.json', 28516, '2025-04-24 08:11:37.000', '2025-04-24 08:14:08.694', 0, 1, 'logs/20250424081137.json', '2025-04-24 08:14:08.702');
INSERT INTO `log_files` VALUES (175, '2025-04-24 08:32:18.268', '2025-04-24 08:32:18.275', NULL, '20250424081408.json', 'logs\\20250424081408.json', 26496, '2025-04-24 08:14:08.000', '2025-04-24 08:32:18.268', 0, 1, 'logs/20250424081408.json', '2025-04-24 08:32:18.275');
INSERT INTO `log_files` VALUES (176, '2025-04-24 08:33:21.168', '2025-04-24 08:33:21.176', NULL, '20250424083218.json', 'logs\\20250424083218.json', 29890, '2025-04-24 08:32:18.000', '2025-04-24 08:33:21.167', 0, 1, 'logs/20250424083218.json', '2025-04-24 08:33:21.175');
INSERT INTO `log_files` VALUES (177, '2025-04-24 08:34:02.504', '2025-04-24 08:34:02.510', NULL, '20250424083321.json', 'logs\\20250424083321.json', 28320, '2025-04-24 08:33:21.000', '2025-04-24 08:34:02.503', 0, 1, 'logs/20250424083321.json', '2025-04-24 08:34:02.510');
INSERT INTO `log_files` VALUES (178, '2025-04-25 15:07:31.786', '2025-04-25 15:07:31.788', NULL, '20250424083402.json', 'logs\\20250424083402.json', 28844, '2025-04-24 08:34:02.000', '2025-04-25 15:07:31.785', 0, 1, 'logs/20250424083402.json', '2025-04-25 15:07:31.788');
INSERT INTO `log_files` VALUES (179, '2025-04-25 15:14:44.885', '2025-04-25 15:14:44.887', NULL, '20250425150731.json', 'logs\\20250425150731.json', 28444, '2025-04-25 15:07:31.000', '2025-04-25 15:14:44.885', 0, 1, 'logs/20250425150731.json', '2025-04-25 15:14:44.887');
INSERT INTO `log_files` VALUES (180, '2025-05-22 15:24:41.719', '2025-05-22 15:24:41.722', NULL, '20250425151444.json', 'logs\\20250425151444.json', 29431, '2025-04-25 15:14:44.000', '2025-05-22 15:24:41.719', 0, 1, 'logs/20250425151444.json', '2025-05-22 15:24:41.722');
INSERT INTO `log_files` VALUES (181, '2025-05-23 11:59:03.694', '2025-05-23 11:59:03.697', NULL, '20250522152441.json', 'logs\\20250522152441.json', 28842, '2025-05-22 15:24:41.000', '2025-05-23 11:59:03.694', 0, 1, 'logs/20250522152441.json', '2025-05-23 11:59:03.697');
INSERT INTO `log_files` VALUES (182, '2025-05-23 12:00:29.937', '2025-05-23 12:00:29.941', NULL, '20250523115903.json', 'logs\\20250523115903.json', 27027, '2025-05-23 11:59:03.000', '2025-05-23 12:00:29.937', 0, 1, 'logs/20250523115903.json', '2025-05-23 12:00:29.940');
INSERT INTO `log_files` VALUES (183, '2025-05-23 12:20:17.655', '2025-05-23 12:20:17.657', NULL, '20250523120029.json', 'logs\\20250523120029.json', 28700, '2025-05-23 12:00:29.000', '2025-05-23 12:20:17.655', 0, 1, 'logs/20250523120029.json', '2025-05-23 12:20:17.657');
INSERT INTO `log_files` VALUES (184, '2025-05-23 12:41:10.949', '2025-05-23 12:41:10.951', NULL, '20250523122017.json', 'logs\\20250523122017.json', 29112, '2025-05-23 12:20:17.000', '2025-05-23 12:41:10.949', 0, 1, 'logs/20250523122017.json', '2025-05-23 12:41:10.951');
INSERT INTO `log_files` VALUES (185, '2025-05-23 12:47:10.543', '2025-05-23 12:47:10.546', NULL, '20250523124110.json', 'logs\\20250523124110.json', 26732, '2025-05-23 12:41:10.000', '2025-05-23 12:47:10.543', 0, 1, 'logs/20250523124110.json', '2025-05-23 12:47:10.546');
INSERT INTO `log_files` VALUES (186, '2025-05-23 15:19:29.564', '2025-05-23 15:19:29.565', NULL, '20250523124710.json', 'logs\\20250523124710.json', 28519, '2025-05-23 12:47:10.000', '2025-05-23 15:19:29.563', 0, 1, 'logs/20250523124710.json', '2025-05-23 15:19:29.565');
INSERT INTO `log_files` VALUES (187, '2025-05-23 15:26:09.417', '2025-05-23 15:26:09.419', NULL, '20250523151929.json', 'logs\\20250523151929.json', 28104, '2025-05-23 15:19:29.000', '2025-05-23 15:26:09.417', 0, 1, 'logs/20250523151929.json', '2025-05-23 15:26:09.419');
INSERT INTO `log_files` VALUES (188, '2025-05-23 15:30:02.518', '2025-05-23 15:30:02.519', NULL, '20250523152609.json', 'logs\\20250523152609.json', 27931, '2025-05-23 15:26:09.000', '2025-05-23 15:30:02.517', 0, 1, 'logs/20250523152609.json', '2025-05-23 15:30:02.519');
INSERT INTO `log_files` VALUES (189, '2025-05-23 15:30:54.376', '2025-05-23 15:30:54.378', NULL, '20250523153002.json', 'logs\\20250523153002.json', 26927, '2025-05-23 15:30:02.000', '2025-05-23 15:30:54.376', 0, 1, 'logs/20250523153002.json', '2025-05-23 15:30:54.378');
INSERT INTO `log_files` VALUES (190, '2025-05-23 15:43:46.790', '2025-05-23 15:43:46.791', NULL, '20250523153054.json', 'logs\\20250523153054.json', 29109, '2025-05-23 15:30:54.000', '2025-05-23 15:43:46.789', 0, 1, 'logs/20250523153054.json', '2025-05-23 15:43:46.791');
INSERT INTO `log_files` VALUES (191, '2025-05-23 15:50:26.873', '2025-05-23 15:50:26.874', NULL, '20250523154346.json', 'logs\\20250523154346.json', 28918, '2025-05-23 15:43:46.000', '2025-05-23 15:50:26.873', 0, 1, 'logs/20250523154346.json', '2025-05-23 15:50:26.874');
INSERT INTO `log_files` VALUES (192, '2025-05-23 15:51:37.597', '2025-05-23 15:51:37.599', NULL, '20250523155026.json', 'logs\\20250523155026.json', 27919, '2025-05-23 15:50:26.000', '2025-05-23 15:51:37.597', 0, 1, 'logs/20250523155026.json', '2025-05-23 15:51:37.599');
INSERT INTO `log_files` VALUES (193, '2025-05-23 16:01:38.864', '2025-05-23 16:01:38.865', NULL, '20250523155136.json', 'logs\\20250523155136.json', 28919, '2025-05-23 15:51:36.000', '2025-05-23 16:01:38.863', 0, 1, 'logs/20250523155136.json', '2025-05-23 16:01:38.865');
INSERT INTO `log_files` VALUES (194, '2025-05-23 16:11:38.797', '2025-05-23 16:11:38.799', NULL, '20250523160137.json', 'logs\\20250523160137.json', 29107, '2025-05-23 16:01:37.000', '2025-05-23 16:11:38.796', 0, 1, 'logs/20250523160137.json', '2025-05-23 16:11:38.798');
INSERT INTO `log_files` VALUES (195, '2025-05-23 16:21:38.752', '2025-05-23 16:21:38.754', NULL, '20250523161137.json', 'logs\\20250523161137.json', 28310, '2025-05-23 16:11:37.000', '2025-05-23 16:21:38.752', 0, 1, 'logs/20250523161137.json', '2025-05-23 16:21:38.754');
INSERT INTO `log_files` VALUES (196, '2025-05-23 16:31:38.909', '2025-05-23 16:31:38.911', NULL, '20250523162137.json', 'logs\\20250523162137.json', 29319, '2025-05-23 16:21:37.000', '2025-05-23 16:31:38.908', 0, 1, 'logs/20250523162137.json', '2025-05-23 16:31:38.911');
INSERT INTO `log_files` VALUES (197, '2025-05-24 13:29:37.410', '2025-05-24 13:29:37.414', NULL, '20250523163138.json', 'logs\\20250523163138.json', 29710, '2025-05-23 16:31:38.000', '2025-05-24 13:29:37.410', 0, 1, 'logs/20250523163138.json', '2025-05-24 13:29:37.414');
INSERT INTO `log_files` VALUES (198, '2025-05-24 15:14:28.108', '2025-05-24 15:14:28.110', NULL, '20250524132937.json', 'logs\\20250524132937.json', 29131, '2025-05-24 13:29:37.000', '2025-05-24 15:14:28.108', 0, 1, 'logs/20250524132937.json', '2025-05-24 15:14:28.110');
INSERT INTO `log_files` VALUES (199, '2025-05-24 15:20:44.068', '2025-05-24 15:20:44.070', NULL, '20250524151428.json', 'logs\\20250524151428.json', 28936, '2025-05-24 15:14:28.000', '2025-05-24 15:20:44.067', 0, 1, 'logs/20250524151428.json', '2025-05-24 15:20:44.070');
INSERT INTO `log_files` VALUES (200, '2025-05-24 15:46:32.927', '2025-05-24 15:46:32.930', NULL, '20250524152044.json', 'logs\\20250524152044.json', 29520, '2025-05-24 15:20:44.000', '2025-05-24 15:46:32.927', 0, 1, 'logs/20250524152044.json', '2025-05-24 15:46:32.930');
INSERT INTO `log_files` VALUES (201, '2025-05-24 16:09:51.196', '2025-05-24 16:09:51.198', NULL, '20250524154632.json', 'logs\\20250524154632.json', 29482, '2025-05-24 15:46:32.000', '2025-05-24 16:09:51.196', 0, 1, 'logs/20250524154632.json', '2025-05-24 16:09:51.198');
INSERT INTO `log_files` VALUES (202, '2025-05-24 16:13:58.847', '2025-05-24 16:13:58.849', NULL, '20250524160951.json', 'logs\\20250524160951.json', 27299, '2025-05-24 16:09:51.000', '2025-05-24 16:13:58.847', 0, 1, 'logs/20250524160951.json', '2025-05-24 16:13:58.849');
INSERT INTO `log_files` VALUES (203, '2025-05-24 16:17:44.546', '2025-05-24 16:17:44.548', NULL, '20250524161358.json', 'logs\\20250524161358.json', 27532, '2025-05-24 16:13:58.000', '2025-05-24 16:17:44.546', 0, 1, 'logs/20250524161358.json', '2025-05-24 16:17:44.548');
INSERT INTO `log_files` VALUES (204, '2025-05-24 16:44:06.584', '2025-05-24 16:44:06.586', NULL, '20250524161744.json', 'logs\\20250524161744.json', 29321, '2025-05-24 16:17:44.000', '2025-05-24 16:44:06.583', 0, 1, 'logs/20250524161744.json', '2025-05-24 16:44:06.586');
INSERT INTO `log_files` VALUES (205, '2025-05-24 16:50:09.051', '2025-05-24 16:50:09.054', NULL, '20250524164406.json', 'logs\\20250524164406.json', 26911, '2025-05-24 16:44:06.000', '2025-05-24 16:50:09.051', 0, 1, 'logs/20250524164406.json', '2025-05-24 16:50:09.054');
INSERT INTO `log_files` VALUES (206, '2025-05-24 16:50:29.471', '2025-05-24 16:50:29.474', NULL, '20250524165009.json', 'logs\\20250524165009.json', 28343, '2025-05-24 16:50:09.000', '2025-05-24 16:50:29.471', 0, 1, 'logs/20250524165009.json', '2025-05-24 16:50:29.474');
INSERT INTO `log_files` VALUES (207, '2025-05-24 16:56:58.084', '2025-05-24 16:56:58.087', NULL, '20250524165029.json', 'logs\\20250524165029.json', 28925, '2025-05-24 16:50:29.000', '2025-05-24 16:56:58.084', 0, 1, 'logs/20250524165029.json', '2025-05-24 16:56:58.087');

-- ----------------------------
-- Table structure for user_behaviors
-- ----------------------------
DROP TABLE IF EXISTS `user_behaviors`;
CREATE TABLE `user_behaviors`  (
  `behavior_id` bigint NOT NULL AUTO_INCREMENT,
  `user_id` varchar(64) CHARACTER SET utf8mb4 COLLATE utf8mb4_0900_ai_ci NOT NULL,
  `behavior_time` datetime(3) NOT NULL,
  `behavior_type` bigint NOT NULL,
  `data_type` bigint NOT NULL,
  `data_size` bigint NOT NULL,
  `created_at` datetime(3) NULL DEFAULT NULL,
  `updated_at` datetime(3) NULL DEFAULT NULL,
  `deleted_at` datetime(3) NULL DEFAULT NULL,
  PRIMARY KEY (`behavior_id`) USING BTREE,
  INDEX `idx_user_behaviors_user_id`(`user_id` ASC) USING BTREE,
  INDEX `idx_user_behaviors_behavior_time`(`behavior_time` ASC) USING BTREE,
  INDEX `idx_user_behaviors_behavior_type`(`behavior_type` ASC) USING BTREE,
  INDEX `idx_user_behaviors_deleted_at`(`deleted_at` ASC) USING BTREE
) ENGINE = InnoDB AUTO_INCREMENT = 32787 CHARACTER SET = utf8mb4 COLLATE = utf8mb4_0900_ai_ci ROW_FORMAT = DYNAMIC;

-- ----------------------------
-- Records of user_behaviors
-- ----------------------------
INSERT INTO `user_behaviors` VALUES (32327, 'u10000_1', '2025-04-12 13:30:12.980', 2, 2, 788, '2025-04-20 01:53:12.980', '2025-04-20 01:53:12.980', NULL);
INSERT INTO `user_behaviors` VALUES (32328, 'u10000_1', '2025-04-09 04:01:12.980', 1, 2, 234, '2025-04-20 01:53:12.986', '2025-04-20 01:53:12.986', NULL);
INSERT INTO `user_behaviors` VALUES (32329, 'u10000_1', '2025-04-04 12:25:12.980', 1, 2, 232, '2025-04-20 01:53:12.993', '2025-04-20 01:53:12.993', NULL);
INSERT INTO `user_behaviors` VALUES (32330, 'u10000_1', '2025-04-05 20:27:12.980', 1, 2, 723, '2025-04-20 01:53:12.999', '2025-04-20 01:53:12.999', NULL);
INSERT INTO `user_behaviors` VALUES (32331, 'u10000_1', '2025-03-26 11:26:12.980', 1, 1, 5249885, '2025-04-20 01:53:13.004', '2025-04-20 01:53:13.004', NULL);
INSERT INTO `user_behaviors` VALUES (32332, 'u10000_1', '2025-03-24 10:21:12.980', 1, 1, 595268, '2025-04-20 01:53:13.010', '2025-04-20 01:53:13.010', NULL);
INSERT INTO `user_behaviors` VALUES (32333, 'u10000_1', '2025-04-15 12:40:12.980', 2, 2, 300, '2025-04-20 01:53:13.015', '2025-04-20 01:53:13.015', NULL);
INSERT INTO `user_behaviors` VALUES (32334, 'u10000_1', '2025-04-03 11:07:12.980', 2, 1, 4232601, '2025-04-20 01:53:13.021', '2025-04-20 01:53:13.021', NULL);
INSERT INTO `user_behaviors` VALUES (32335, 'u10000_1', '2025-04-17 15:06:12.980', 2, 1, 6416574, '2025-04-20 01:53:13.026', '2025-04-20 01:53:13.026', NULL);
INSERT INTO `user_behaviors` VALUES (32336, 'u10000_1', '2025-04-14 04:22:12.980', 1, 2, 12, '2025-04-20 01:53:13.031', '2025-04-20 01:53:13.031', NULL);
INSERT INTO `user_behaviors` VALUES (32337, 'u10001_2', '2025-04-18 01:19:12.980', 1, 1, 1769355, '2025-04-20 01:53:13.036', '2025-04-20 01:53:13.036', NULL);
INSERT INTO `user_behaviors` VALUES (32338, 'u10001_2', '2025-04-02 19:32:12.980', 2, 2, 851, '2025-04-20 01:53:13.041', '2025-04-20 01:53:13.041', NULL);
INSERT INTO `user_behaviors` VALUES (32339, 'u10001_2', '2025-04-07 17:28:12.980', 1, 2, 669, '2025-04-20 01:53:13.046', '2025-04-20 01:53:13.046', NULL);
INSERT INTO `user_behaviors` VALUES (32340, 'u10001_2', '2025-04-16 08:26:12.980', 1, 2, 585, '2025-04-20 01:53:13.051', '2025-04-20 01:53:13.051', NULL);
INSERT INTO `user_behaviors` VALUES (32341, 'u10001_2', '2025-04-01 14:21:12.980', 2, 1, 5013442, '2025-04-20 01:53:13.056', '2025-04-20 01:53:13.056', NULL);
INSERT INTO `user_behaviors` VALUES (32342, 'u10001_2', '2025-03-28 17:14:12.980', 2, 2, 96, '2025-04-20 01:53:13.061', '2025-04-20 01:53:13.061', NULL);
INSERT INTO `user_behaviors` VALUES (32343, 'u10001_2', '2025-04-03 21:56:12.980', 2, 1, 2043342, '2025-04-20 01:53:13.066', '2025-04-20 01:53:13.066', NULL);
INSERT INTO `user_behaviors` VALUES (32344, 'u10001_2', '2025-03-26 11:53:12.980', 1, 1, 1300334, '2025-04-20 01:53:13.071', '2025-04-20 01:53:13.071', NULL);
INSERT INTO `user_behaviors` VALUES (32345, 'u10001_2', '2025-03-21 08:40:12.980', 2, 1, 3448187, '2025-04-20 01:53:13.076', '2025-04-20 01:53:13.076', NULL);
INSERT INTO `user_behaviors` VALUES (32346, 'u10001_2', '2025-04-11 17:23:12.980', 1, 1, 1971972, '2025-04-20 01:53:13.081', '2025-04-20 01:53:13.081', NULL);
INSERT INTO `user_behaviors` VALUES (32347, 'u10002_3', '2025-04-08 13:23:12.980', 2, 2, 297, '2025-04-20 01:53:13.086', '2025-04-20 01:53:13.086', NULL);
INSERT INTO `user_behaviors` VALUES (32348, 'u10002_3', '2025-04-11 02:52:12.980', 2, 1, 3028219, '2025-04-20 01:53:13.091', '2025-04-20 01:53:13.091', NULL);
INSERT INTO `user_behaviors` VALUES (32349, 'u10002_3', '2025-03-22 02:11:12.980', 1, 1, 26590, '2025-04-20 01:53:13.096', '2025-04-20 01:53:13.096', NULL);
INSERT INTO `user_behaviors` VALUES (32350, 'u10002_3', '2025-03-22 04:18:12.980', 2, 2, 835, '2025-04-20 01:53:13.102', '2025-04-20 01:53:13.102', NULL);
INSERT INTO `user_behaviors` VALUES (32351, 'u10002_3', '2025-04-08 00:44:12.980', 1, 1, 10454748, '2025-04-20 01:53:13.106', '2025-04-20 01:53:13.106', NULL);
INSERT INTO `user_behaviors` VALUES (32352, 'u10002_3', '2025-04-03 12:45:12.980', 2, 2, 907, '2025-04-20 01:53:13.111', '2025-04-20 01:53:13.111', NULL);
INSERT INTO `user_behaviors` VALUES (32353, 'u10002_3', '2025-03-30 08:38:12.980', 2, 2, 234, '2025-04-20 01:53:13.116', '2025-04-20 01:53:13.116', NULL);
INSERT INTO `user_behaviors` VALUES (32354, 'u10002_3', '2025-04-11 15:34:12.980', 2, 2, 225, '2025-04-20 01:53:13.123', '2025-04-20 01:53:13.123', NULL);
INSERT INTO `user_behaviors` VALUES (32355, 'u10002_3', '2025-04-02 12:52:12.980', 1, 1, 5815121, '2025-04-20 01:53:13.129', '2025-04-20 01:53:13.129', NULL);
INSERT INTO `user_behaviors` VALUES (32356, 'u10002_3', '2025-04-13 04:55:12.980', 2, 2, 528, '2025-04-20 01:53:13.134', '2025-04-20 01:53:13.134', NULL);
INSERT INTO `user_behaviors` VALUES (32357, 'u10003_4', '2025-03-23 22:04:12.980', 1, 2, 517, '2025-04-20 01:53:13.138', '2025-04-20 01:53:13.138', NULL);
INSERT INTO `user_behaviors` VALUES (32358, 'u10003_4', '2025-04-17 06:58:12.980', 2, 2, 450, '2025-04-20 01:53:13.142', '2025-04-20 01:53:13.142', NULL);
INSERT INTO `user_behaviors` VALUES (32359, 'u10003_4', '2025-04-03 03:45:12.980', 1, 2, 475, '2025-04-20 01:53:13.149', '2025-04-20 01:53:13.149', NULL);
INSERT INTO `user_behaviors` VALUES (32360, 'u10003_4', '2025-03-25 06:26:12.980', 2, 2, 61, '2025-04-20 01:53:13.156', '2025-04-20 01:53:13.156', NULL);
INSERT INTO `user_behaviors` VALUES (32361, 'u10003_4', '2025-03-26 14:01:12.980', 1, 2, 30, '2025-04-20 01:53:13.162', '2025-04-20 01:53:13.162', NULL);
INSERT INTO `user_behaviors` VALUES (32362, 'u10003_4', '2025-04-12 02:47:12.980', 2, 2, 200, '2025-04-20 01:53:13.169', '2025-04-20 01:53:13.169', NULL);
INSERT INTO `user_behaviors` VALUES (32363, 'u10003_4', '2025-04-03 10:38:12.980', 2, 1, 2858449, '2025-04-20 01:53:13.174', '2025-04-20 01:53:13.174', NULL);
INSERT INTO `user_behaviors` VALUES (32364, 'u10003_4', '2025-04-16 23:04:12.980', 2, 2, 196, '2025-04-20 01:53:13.179', '2025-04-20 01:53:13.179', NULL);
INSERT INTO `user_behaviors` VALUES (32365, 'u10003_4', '2025-04-17 22:13:12.980', 2, 1, 6808124, '2025-04-20 01:53:13.185', '2025-04-20 01:53:13.185', NULL);
INSERT INTO `user_behaviors` VALUES (32366, 'u10003_4', '2025-04-13 21:55:12.980', 1, 2, 1018, '2025-04-20 01:53:13.190', '2025-04-20 01:53:13.190', NULL);
INSERT INTO `user_behaviors` VALUES (32367, 'u10004_5', '2025-03-22 21:28:12.980', 2, 2, 75, '2025-04-20 01:53:13.196', '2025-04-20 01:53:13.196', NULL);
INSERT INTO `user_behaviors` VALUES (32368, 'u10004_5', '2025-03-28 07:00:12.980', 2, 1, 726968, '2025-04-20 01:53:13.200', '2025-04-20 01:53:13.200', NULL);
INSERT INTO `user_behaviors` VALUES (32369, 'u10004_5', '2025-03-26 16:38:12.980', 2, 2, 573, '2025-04-20 01:53:13.206', '2025-04-20 01:53:13.206', NULL);
INSERT INTO `user_behaviors` VALUES (32370, 'u10004_5', '2025-04-02 03:56:12.980', 2, 2, 646, '2025-04-20 01:53:13.211', '2025-04-20 01:53:13.211', NULL);
INSERT INTO `user_behaviors` VALUES (32371, 'u10004_5', '2025-03-28 23:50:12.980', 2, 2, 970, '2025-04-20 01:53:13.216', '2025-04-20 01:53:13.216', NULL);
INSERT INTO `user_behaviors` VALUES (32372, 'u10004_5', '2025-04-01 19:32:12.980', 1, 1, 8150491, '2025-04-20 01:53:13.221', '2025-04-20 01:53:13.221', NULL);
INSERT INTO `user_behaviors` VALUES (32373, 'u10004_5', '2025-04-17 01:39:12.980', 1, 2, 678, '2025-04-20 01:53:13.227', '2025-04-20 01:53:13.227', NULL);
INSERT INTO `user_behaviors` VALUES (32374, 'u10004_5', '2025-04-06 16:13:12.980', 2, 2, 671, '2025-04-20 01:53:13.232', '2025-04-20 01:53:13.232', NULL);
INSERT INTO `user_behaviors` VALUES (32375, 'u10004_5', '2025-04-17 20:57:12.980', 1, 2, 351, '2025-04-20 01:53:13.237', '2025-04-20 01:53:13.237', NULL);
INSERT INTO `user_behaviors` VALUES (32376, 'u10004_5', '2025-03-28 16:11:12.980', 2, 1, 3796511, '2025-04-20 01:53:13.242', '2025-04-20 01:53:13.242', NULL);
INSERT INTO `user_behaviors` VALUES (32377, 'u10005_1', '2025-04-04 01:41:12.980', 2, 1, 7765699, '2025-04-20 01:53:13.247', '2025-04-20 01:53:13.247', NULL);
INSERT INTO `user_behaviors` VALUES (32378, 'u10005_1', '2025-03-31 03:38:12.980', 2, 2, 614, '2025-04-20 01:53:13.252', '2025-04-20 01:53:13.252', NULL);
INSERT INTO `user_behaviors` VALUES (32379, 'u10005_1', '2025-04-07 16:15:12.980', 2, 1, 3647463, '2025-04-20 01:53:13.258', '2025-04-20 01:53:13.258', NULL);
INSERT INTO `user_behaviors` VALUES (32380, 'u10005_1', '2025-03-28 08:54:12.980', 2, 1, 3965219, '2025-04-20 01:53:13.262', '2025-04-20 01:53:13.262', NULL);
INSERT INTO `user_behaviors` VALUES (32381, 'u10005_1', '2025-04-11 01:54:12.980', 1, 2, 822, '2025-04-20 01:53:13.269', '2025-04-20 01:53:13.269', NULL);
INSERT INTO `user_behaviors` VALUES (32382, 'u10005_1', '2025-03-29 23:04:12.980', 1, 2, 948, '2025-04-20 01:53:13.274', '2025-04-20 01:53:13.274', NULL);
INSERT INTO `user_behaviors` VALUES (32383, 'u10005_1', '2025-03-27 09:42:12.980', 1, 1, 5358513, '2025-04-20 01:53:13.280', '2025-04-20 01:53:13.280', NULL);
INSERT INTO `user_behaviors` VALUES (32384, 'u10005_1', '2025-03-26 09:59:12.980', 2, 2, 210, '2025-04-20 01:53:13.284', '2025-04-20 01:53:13.284', NULL);
INSERT INTO `user_behaviors` VALUES (32385, 'u10005_1', '2025-03-30 12:17:12.980', 2, 1, 4005848, '2025-04-20 01:53:13.289', '2025-04-20 01:53:13.289', NULL);
INSERT INTO `user_behaviors` VALUES (32386, 'u10005_1', '2025-04-15 20:27:12.980', 1, 1, 570555, '2025-04-20 01:53:13.295', '2025-04-20 01:53:13.295', NULL);
INSERT INTO `user_behaviors` VALUES (32387, 'u10006_2', '2025-03-27 01:00:12.980', 2, 1, 7347720, '2025-04-20 01:53:13.300', '2025-04-20 01:53:13.300', NULL);
INSERT INTO `user_behaviors` VALUES (32388, 'u10006_2', '2025-04-12 15:04:12.980', 2, 2, 99, '2025-04-20 01:53:13.322', '2025-04-20 01:53:13.322', NULL);
INSERT INTO `user_behaviors` VALUES (32389, 'u10006_2', '2025-03-26 13:48:12.980', 2, 1, 5362534, '2025-04-20 01:53:13.331', '2025-04-20 01:53:13.331', NULL);
INSERT INTO `user_behaviors` VALUES (32390, 'u10006_2', '2025-03-31 21:24:12.980', 1, 1, 4890992, '2025-04-20 01:53:13.340', '2025-04-20 01:53:13.340', NULL);
INSERT INTO `user_behaviors` VALUES (32391, 'u10006_2', '2025-04-02 21:09:12.980', 1, 1, 9152016, '2025-04-20 01:53:13.349', '2025-04-20 01:53:13.349', NULL);
INSERT INTO `user_behaviors` VALUES (32392, 'u10006_2', '2025-04-05 22:40:12.980', 1, 1, 3908705, '2025-04-20 01:53:13.357', '2025-04-20 01:53:13.357', NULL);
INSERT INTO `user_behaviors` VALUES (32393, 'u10006_2', '2025-03-25 12:21:12.980', 2, 1, 1288838, '2025-04-20 01:53:13.366', '2025-04-20 01:53:13.366', NULL);
INSERT INTO `user_behaviors` VALUES (32394, 'u10006_2', '2025-04-04 05:42:12.980', 1, 2, 219, '2025-04-20 01:53:13.375', '2025-04-20 01:53:13.375', NULL);
INSERT INTO `user_behaviors` VALUES (32395, 'u10006_2', '2025-04-12 08:53:12.980', 2, 2, 687, '2025-04-20 01:53:13.381', '2025-04-20 01:53:13.381', NULL);
INSERT INTO `user_behaviors` VALUES (32396, 'u10006_2', '2025-03-31 11:24:12.980', 1, 1, 2980338, '2025-04-20 01:53:13.391', '2025-04-20 01:53:13.391', NULL);
INSERT INTO `user_behaviors` VALUES (32397, 'u10007_3', '2025-04-14 02:27:12.980', 2, 2, 1016, '2025-04-20 01:53:13.399', '2025-04-20 01:53:13.399', NULL);
INSERT INTO `user_behaviors` VALUES (32398, 'u10007_3', '2025-04-15 22:42:12.980', 2, 1, 9648471, '2025-04-20 01:53:13.407', '2025-04-20 01:53:13.407', NULL);
INSERT INTO `user_behaviors` VALUES (32399, 'u10007_3', '2025-04-17 05:10:12.980', 1, 2, 726, '2025-04-20 01:53:13.413', '2025-04-20 01:53:13.413', NULL);
INSERT INTO `user_behaviors` VALUES (32400, 'u10007_3', '2025-03-22 22:32:12.980', 1, 1, 4121403, '2025-04-20 01:53:13.418', '2025-04-20 01:53:13.418', NULL);
INSERT INTO `user_behaviors` VALUES (32401, 'u10007_3', '2025-04-10 04:21:12.980', 1, 2, 520, '2025-04-20 01:53:13.424', '2025-04-20 01:53:13.424', NULL);
INSERT INTO `user_behaviors` VALUES (32402, 'u10007_3', '2025-04-08 14:24:12.980', 1, 1, 9329821, '2025-04-20 01:53:13.430', '2025-04-20 01:53:13.430', NULL);
INSERT INTO `user_behaviors` VALUES (32403, 'u10007_3', '2025-04-01 01:47:12.980', 1, 1, 9874383, '2025-04-20 01:53:13.435', '2025-04-20 01:53:13.435', NULL);
INSERT INTO `user_behaviors` VALUES (32404, 'u10007_3', '2025-03-30 20:34:12.980', 1, 2, 149, '2025-04-20 01:53:13.440', '2025-04-20 01:53:13.440', NULL);
INSERT INTO `user_behaviors` VALUES (32405, 'u10007_3', '2025-03-29 08:54:12.980', 2, 2, 874, '2025-04-20 01:53:13.445', '2025-04-20 01:53:13.445', NULL);
INSERT INTO `user_behaviors` VALUES (32406, 'u10007_3', '2025-03-22 22:15:12.980', 1, 1, 6374145, '2025-04-20 01:53:13.450', '2025-04-20 01:53:13.450', NULL);
INSERT INTO `user_behaviors` VALUES (32407, 'u10008_4', '2025-04-12 17:25:12.980', 2, 2, 975, '2025-04-20 01:53:13.455', '2025-04-20 01:53:13.455', NULL);
INSERT INTO `user_behaviors` VALUES (32408, 'u10008_4', '2025-04-19 04:51:12.980', 2, 2, 624, '2025-04-20 01:53:13.460', '2025-04-20 01:53:13.460', NULL);
INSERT INTO `user_behaviors` VALUES (32409, 'u10008_4', '2025-04-04 17:16:12.980', 1, 1, 634264, '2025-04-20 01:53:13.466', '2025-04-20 01:53:13.466', NULL);
INSERT INTO `user_behaviors` VALUES (32410, 'u10008_4', '2025-04-11 19:43:12.980', 1, 1, 4972015, '2025-04-20 01:53:13.471', '2025-04-20 01:53:13.471', NULL);
INSERT INTO `user_behaviors` VALUES (32411, 'u10008_4', '2025-04-01 23:00:12.980', 1, 2, 987, '2025-04-20 01:53:13.476', '2025-04-20 01:53:13.476', NULL);
INSERT INTO `user_behaviors` VALUES (32412, 'u10008_4', '2025-04-19 02:35:12.980', 1, 1, 7470727, '2025-04-20 01:53:13.481', '2025-04-20 01:53:13.481', NULL);
INSERT INTO `user_behaviors` VALUES (32413, 'u10008_4', '2025-04-01 17:05:12.980', 2, 2, 27, '2025-04-20 01:53:13.486', '2025-04-20 01:53:13.486', NULL);
INSERT INTO `user_behaviors` VALUES (32414, 'u10008_4', '2025-03-23 11:11:12.980', 2, 2, 595, '2025-04-20 01:53:13.491', '2025-04-20 01:53:13.491', NULL);
INSERT INTO `user_behaviors` VALUES (32415, 'u10008_4', '2025-04-05 12:40:12.980', 1, 2, 716, '2025-04-20 01:53:13.496', '2025-04-20 01:53:13.496', NULL);
INSERT INTO `user_behaviors` VALUES (32416, 'u10008_4', '2025-03-29 07:43:12.980', 1, 1, 3553088, '2025-04-20 01:53:13.509', '2025-04-20 01:53:13.509', NULL);
INSERT INTO `user_behaviors` VALUES (32417, 'u10009_5', '2025-04-06 23:40:12.980', 1, 1, 1257165, '2025-04-20 01:53:13.518', '2025-04-20 01:53:13.518', NULL);
INSERT INTO `user_behaviors` VALUES (32418, 'u10009_5', '2025-04-12 21:32:12.980', 2, 1, 9897125, '2025-04-20 01:53:13.524', '2025-04-20 01:53:13.524', NULL);
INSERT INTO `user_behaviors` VALUES (32419, 'u10009_5', '2025-03-21 08:48:12.980', 1, 2, 777, '2025-04-20 01:53:13.528', '2025-04-20 01:53:13.528', NULL);
INSERT INTO `user_behaviors` VALUES (32420, 'u10009_5', '2025-03-21 13:20:12.980', 2, 1, 457961, '2025-04-20 01:53:13.534', '2025-04-20 01:53:13.534', NULL);
INSERT INTO `user_behaviors` VALUES (32421, 'u10009_5', '2025-04-16 00:42:12.980', 1, 1, 464355, '2025-04-20 01:53:13.539', '2025-04-20 01:53:13.539', NULL);
INSERT INTO `user_behaviors` VALUES (32422, 'u10009_5', '2025-03-23 01:29:12.980', 2, 1, 1263376, '2025-04-20 01:53:13.544', '2025-04-20 01:53:13.544', NULL);
INSERT INTO `user_behaviors` VALUES (32423, 'u10009_5', '2025-03-25 19:36:12.980', 1, 1, 8663168, '2025-04-20 01:53:13.551', '2025-04-20 01:53:13.551', NULL);
INSERT INTO `user_behaviors` VALUES (32424, 'u10009_5', '2025-04-13 01:55:12.980', 1, 1, 2308325, '2025-04-20 01:53:13.558', '2025-04-20 01:53:13.558', NULL);
INSERT INTO `user_behaviors` VALUES (32425, 'u10009_5', '2025-04-05 00:49:12.980', 1, 1, 8537313, '2025-04-20 01:53:13.563', '2025-04-20 01:53:13.563', NULL);
INSERT INTO `user_behaviors` VALUES (32426, 'u10009_5', '2025-04-16 04:03:12.980', 2, 1, 2507841, '2025-04-20 01:53:13.568', '2025-04-20 01:53:13.568', NULL);
INSERT INTO `user_behaviors` VALUES (32427, 'u10010_1', '2025-04-13 10:06:12.980', 1, 1, 5450220, '2025-04-20 01:53:13.575', '2025-04-20 01:53:13.575', NULL);
INSERT INTO `user_behaviors` VALUES (32428, 'u10010_1', '2025-04-07 00:28:12.980', 2, 1, 1877114, '2025-04-20 01:53:13.581', '2025-04-20 01:53:13.581', NULL);
INSERT INTO `user_behaviors` VALUES (32429, 'u10010_1', '2025-04-13 15:44:12.980', 2, 1, 2187750, '2025-04-20 01:53:13.587', '2025-04-20 01:53:13.587', NULL);
INSERT INTO `user_behaviors` VALUES (32430, 'u10010_1', '2025-04-08 20:32:12.980', 2, 1, 2978908, '2025-04-20 01:53:13.592', '2025-04-20 01:53:13.592', NULL);
INSERT INTO `user_behaviors` VALUES (32431, 'u10010_1', '2025-04-19 03:13:12.980', 2, 1, 5010228, '2025-04-20 01:53:13.597', '2025-04-20 01:53:13.597', NULL);
INSERT INTO `user_behaviors` VALUES (32432, 'u10010_1', '2025-04-10 14:53:12.980', 1, 1, 8752777, '2025-04-20 01:53:13.602', '2025-04-20 01:53:13.602', NULL);
INSERT INTO `user_behaviors` VALUES (32433, 'u10010_1', '2025-04-01 13:01:12.980', 2, 2, 898, '2025-04-20 01:53:13.607', '2025-04-20 01:53:13.607', NULL);
INSERT INTO `user_behaviors` VALUES (32434, 'u10010_1', '2025-04-09 15:56:12.980', 1, 1, 8376656, '2025-04-20 01:53:13.615', '2025-04-20 01:53:13.615', NULL);
INSERT INTO `user_behaviors` VALUES (32435, 'u10010_1', '2025-04-08 06:24:12.980', 2, 1, 9780087, '2025-04-20 01:53:13.621', '2025-04-20 01:53:13.621', NULL);
INSERT INTO `user_behaviors` VALUES (32436, 'u10010_1', '2025-04-14 00:05:12.980', 2, 2, 929, '2025-04-20 01:53:13.626', '2025-04-20 01:53:13.626', NULL);
INSERT INTO `user_behaviors` VALUES (32437, 'u10011_2', '2025-03-26 21:50:12.980', 1, 1, 4034234, '2025-04-20 01:53:13.631', '2025-04-20 01:53:13.631', NULL);
INSERT INTO `user_behaviors` VALUES (32438, 'u10011_2', '2025-04-10 04:42:12.980', 2, 2, 61, '2025-04-20 01:53:13.637', '2025-04-20 01:53:13.637', NULL);
INSERT INTO `user_behaviors` VALUES (32439, 'u10011_2', '2025-04-02 14:28:12.980', 1, 2, 402, '2025-04-20 01:53:13.643', '2025-04-20 01:53:13.643', NULL);
INSERT INTO `user_behaviors` VALUES (32440, 'u10011_2', '2025-04-09 21:14:12.980', 2, 1, 9506971, '2025-04-20 01:53:13.649', '2025-04-20 01:53:13.649', NULL);
INSERT INTO `user_behaviors` VALUES (32441, 'u10011_2', '2025-04-10 22:26:12.980', 1, 1, 3824872, '2025-04-20 01:53:13.654', '2025-04-20 01:53:13.654', NULL);
INSERT INTO `user_behaviors` VALUES (32442, 'u10011_2', '2025-04-13 01:32:12.980', 2, 1, 5491806, '2025-04-20 01:53:13.660', '2025-04-20 01:53:13.660', NULL);
INSERT INTO `user_behaviors` VALUES (32443, 'u10011_2', '2025-04-19 21:19:12.980', 2, 1, 3296054, '2025-04-20 01:53:13.664', '2025-04-20 01:53:13.664', NULL);
INSERT INTO `user_behaviors` VALUES (32444, 'u10011_2', '2025-03-29 03:18:12.980', 1, 1, 9190823, '2025-04-20 01:53:13.669', '2025-04-20 01:53:13.669', NULL);
INSERT INTO `user_behaviors` VALUES (32445, 'u10011_2', '2025-03-22 09:51:12.980', 1, 1, 1234357, '2025-04-20 01:53:13.674', '2025-04-20 01:53:13.674', NULL);
INSERT INTO `user_behaviors` VALUES (32446, 'u10011_2', '2025-04-02 14:26:12.980', 2, 2, 188, '2025-04-20 01:53:13.681', '2025-04-20 01:53:13.681', NULL);
INSERT INTO `user_behaviors` VALUES (32447, 'u10012_3', '2025-03-25 01:34:12.980', 1, 1, 1910480, '2025-04-20 01:53:13.686', '2025-04-20 01:53:13.686', NULL);
INSERT INTO `user_behaviors` VALUES (32448, 'u10012_3', '2025-04-06 09:16:12.980', 2, 1, 616749, '2025-04-20 01:53:13.691', '2025-04-20 01:53:13.691', NULL);
INSERT INTO `user_behaviors` VALUES (32449, 'u10012_3', '2025-04-10 13:09:12.980', 2, 2, 679, '2025-04-20 01:53:13.696', '2025-04-20 01:53:13.696', NULL);
INSERT INTO `user_behaviors` VALUES (32450, 'u10012_3', '2025-04-06 11:28:12.980', 1, 1, 3355137, '2025-04-20 01:53:13.701', '2025-04-20 01:53:13.701', NULL);
INSERT INTO `user_behaviors` VALUES (32451, 'u10012_3', '2025-03-21 12:29:12.980', 1, 1, 1558212, '2025-04-20 01:53:13.707', '2025-04-20 01:53:13.707', NULL);
INSERT INTO `user_behaviors` VALUES (32452, 'u10012_3', '2025-04-07 01:29:12.980', 1, 2, 739, '2025-04-20 01:53:13.712', '2025-04-20 01:53:13.712', NULL);
INSERT INTO `user_behaviors` VALUES (32453, 'u10012_3', '2025-04-09 11:15:12.980', 1, 2, 717, '2025-04-20 01:53:13.717', '2025-04-20 01:53:13.717', NULL);
INSERT INTO `user_behaviors` VALUES (32454, 'u10012_3', '2025-03-30 09:43:12.980', 2, 2, 19, '2025-04-20 01:53:13.724', '2025-04-20 01:53:13.724', NULL);
INSERT INTO `user_behaviors` VALUES (32455, 'u10012_3', '2025-04-04 01:27:12.980', 1, 2, 717, '2025-04-20 01:53:13.729', '2025-04-20 01:53:13.729', NULL);
INSERT INTO `user_behaviors` VALUES (32456, 'u10012_3', '2025-03-25 12:17:12.980', 1, 2, 519, '2025-04-20 01:53:13.734', '2025-04-20 01:53:13.734', NULL);
INSERT INTO `user_behaviors` VALUES (32457, 'u10013_4', '2025-04-04 03:45:12.980', 1, 2, 875, '2025-04-20 01:53:13.739', '2025-04-20 01:53:13.739', NULL);
INSERT INTO `user_behaviors` VALUES (32458, 'u10013_4', '2025-04-19 11:52:12.980', 2, 1, 2990743, '2025-04-20 01:53:13.744', '2025-04-20 01:53:13.744', NULL);
INSERT INTO `user_behaviors` VALUES (32459, 'u10013_4', '2025-03-21 17:33:12.980', 1, 1, 5855853, '2025-04-20 01:53:13.750', '2025-04-20 01:53:13.750', NULL);
INSERT INTO `user_behaviors` VALUES (32460, 'u10013_4', '2025-04-09 23:20:12.980', 1, 1, 9851886, '2025-04-20 01:53:13.756', '2025-04-20 01:53:13.756', NULL);
INSERT INTO `user_behaviors` VALUES (32461, 'u10013_4', '2025-03-28 17:55:12.980', 1, 1, 1325977, '2025-04-20 01:53:13.761', '2025-04-20 01:53:13.761', NULL);
INSERT INTO `user_behaviors` VALUES (32462, 'u10013_4', '2025-03-24 02:11:12.980', 1, 2, 679, '2025-04-20 01:53:13.767', '2025-04-20 01:53:13.767', NULL);
INSERT INTO `user_behaviors` VALUES (32463, 'u10013_4', '2025-04-11 11:15:12.980', 1, 2, 81, '2025-04-20 01:53:13.772', '2025-04-20 01:53:13.772', NULL);
INSERT INTO `user_behaviors` VALUES (32464, 'u10013_4', '2025-03-22 21:59:12.980', 1, 2, 900, '2025-04-20 01:53:13.777', '2025-04-20 01:53:13.777', NULL);
INSERT INTO `user_behaviors` VALUES (32465, 'u10013_4', '2025-03-26 23:21:12.980', 1, 2, 54, '2025-04-20 01:53:13.783', '2025-04-20 01:53:13.783', NULL);
INSERT INTO `user_behaviors` VALUES (32466, 'u10013_4', '2025-03-28 02:18:12.980', 1, 2, 880, '2025-04-20 01:53:13.788', '2025-04-20 01:53:13.788', NULL);
INSERT INTO `user_behaviors` VALUES (32467, 'u10014_5', '2025-03-29 01:33:12.980', 2, 2, 538, '2025-04-20 01:53:13.794', '2025-04-20 01:53:13.794', NULL);
INSERT INTO `user_behaviors` VALUES (32468, 'u10014_5', '2025-04-15 02:28:12.980', 1, 1, 2063981, '2025-04-20 01:53:13.799', '2025-04-20 01:53:13.799', NULL);
INSERT INTO `user_behaviors` VALUES (32469, 'u10014_5', '2025-04-01 16:08:12.980', 1, 1, 9299046, '2025-04-20 01:53:13.804', '2025-04-20 01:53:13.804', NULL);
INSERT INTO `user_behaviors` VALUES (32470, 'u10014_5', '2025-04-12 22:41:12.980', 1, 1, 8691814, '2025-04-20 01:53:13.810', '2025-04-20 01:53:13.810', NULL);
INSERT INTO `user_behaviors` VALUES (32471, 'u10014_5', '2025-03-31 23:39:12.980', 2, 2, 620, '2025-04-20 01:53:13.815', '2025-04-20 01:53:13.815', NULL);
INSERT INTO `user_behaviors` VALUES (32472, 'u10014_5', '2025-03-21 04:01:12.980', 1, 1, 533440, '2025-04-20 01:53:13.820', '2025-04-20 01:53:13.820', NULL);
INSERT INTO `user_behaviors` VALUES (32473, 'u10014_5', '2025-03-25 07:44:12.980', 2, 1, 1863045, '2025-04-20 01:53:13.826', '2025-04-20 01:53:13.826', NULL);
INSERT INTO `user_behaviors` VALUES (32474, 'u10014_5', '2025-04-11 17:54:12.980', 2, 2, 924, '2025-04-20 01:53:13.831', '2025-04-20 01:53:13.831', NULL);
INSERT INTO `user_behaviors` VALUES (32475, 'u10014_5', '2025-04-07 22:52:12.980', 2, 2, 399, '2025-04-20 01:53:13.836', '2025-04-20 01:53:13.836', NULL);
INSERT INTO `user_behaviors` VALUES (32476, 'u10014_5', '2025-04-11 19:00:12.980', 1, 1, 5808509, '2025-04-20 01:53:13.841', '2025-04-20 01:53:13.841', NULL);
INSERT INTO `user_behaviors` VALUES (32477, 'u10015_1', '2025-04-17 00:07:12.980', 2, 1, 4147009, '2025-04-20 01:53:13.847', '2025-04-20 01:53:13.847', NULL);
INSERT INTO `user_behaviors` VALUES (32478, 'u10015_1', '2025-04-03 12:09:12.980', 1, 2, 324, '2025-04-20 01:53:13.852', '2025-04-20 01:53:13.852', NULL);
INSERT INTO `user_behaviors` VALUES (32479, 'u10015_1', '2025-04-01 21:12:12.980', 1, 1, 197447, '2025-04-20 01:53:13.857', '2025-04-20 01:53:13.857', NULL);
INSERT INTO `user_behaviors` VALUES (32480, 'u10015_1', '2025-04-03 18:53:12.980', 2, 1, 9242871, '2025-04-20 01:53:13.862', '2025-04-20 01:53:13.862', NULL);
INSERT INTO `user_behaviors` VALUES (32481, 'u10015_1', '2025-04-12 15:40:12.980', 2, 1, 3645043, '2025-04-20 01:53:13.868', '2025-04-20 01:53:13.868', NULL);
INSERT INTO `user_behaviors` VALUES (32482, 'u10015_1', '2025-04-17 20:30:12.980', 1, 1, 5079121, '2025-04-20 01:53:13.872', '2025-04-20 01:53:13.872', NULL);
INSERT INTO `user_behaviors` VALUES (32483, 'u10015_1', '2025-04-01 06:53:12.980', 2, 2, 140, '2025-04-20 01:53:13.877', '2025-04-20 01:53:13.877', NULL);
INSERT INTO `user_behaviors` VALUES (32484, 'u10015_1', '2025-04-09 15:13:12.980', 2, 2, 460, '2025-04-20 01:53:13.882', '2025-04-20 01:53:13.882', NULL);
INSERT INTO `user_behaviors` VALUES (32485, 'u10015_1', '2025-04-13 22:31:12.980', 2, 1, 8075267, '2025-04-20 01:53:13.888', '2025-04-20 01:53:13.888', NULL);
INSERT INTO `user_behaviors` VALUES (32486, 'u10015_1', '2025-03-30 23:18:12.980', 1, 1, 1684614, '2025-04-20 01:53:13.894', '2025-04-20 01:53:13.894', NULL);
INSERT INTO `user_behaviors` VALUES (32487, 'u10016_2', '2025-04-15 16:41:12.980', 1, 1, 3707054, '2025-04-20 01:53:13.898', '2025-04-20 01:53:13.898', NULL);
INSERT INTO `user_behaviors` VALUES (32488, 'u10016_2', '2025-04-16 16:40:12.980', 2, 2, 455, '2025-04-20 01:53:13.904', '2025-04-20 01:53:13.904', NULL);
INSERT INTO `user_behaviors` VALUES (32489, 'u10016_2', '2025-04-17 22:46:12.980', 2, 1, 573578, '2025-04-20 01:53:13.909', '2025-04-20 01:53:13.909', NULL);
INSERT INTO `user_behaviors` VALUES (32490, 'u10016_2', '2025-04-11 15:10:12.980', 2, 2, 895, '2025-04-20 01:53:13.914', '2025-04-20 01:53:13.914', NULL);
INSERT INTO `user_behaviors` VALUES (32491, 'u10016_2', '2025-04-15 05:07:12.980', 1, 1, 2774993, '2025-04-20 01:53:13.919', '2025-04-20 01:53:13.919', NULL);
INSERT INTO `user_behaviors` VALUES (32492, 'u10016_2', '2025-04-13 11:06:12.980', 1, 2, 642, '2025-04-20 01:53:13.925', '2025-04-20 01:53:13.925', NULL);
INSERT INTO `user_behaviors` VALUES (32493, 'u10016_2', '2025-03-28 22:50:12.980', 2, 2, 644, '2025-04-20 01:53:13.930', '2025-04-20 01:53:13.930', NULL);
INSERT INTO `user_behaviors` VALUES (32494, 'u10016_2', '2025-04-16 14:30:12.980', 2, 1, 2347968, '2025-04-20 01:53:13.935', '2025-04-20 01:53:13.935', NULL);
INSERT INTO `user_behaviors` VALUES (32495, 'u10016_2', '2025-04-13 21:50:12.980', 2, 2, 389, '2025-04-20 01:53:13.941', '2025-04-20 01:53:13.941', NULL);
INSERT INTO `user_behaviors` VALUES (32496, 'u10016_2', '2025-04-15 23:38:12.980', 1, 2, 195, '2025-04-20 01:53:13.946', '2025-04-20 01:53:13.946', NULL);
INSERT INTO `user_behaviors` VALUES (32497, 'u10017_3', '2025-04-08 07:00:12.980', 2, 2, 907, '2025-04-20 01:53:13.950', '2025-04-20 01:53:13.950', NULL);
INSERT INTO `user_behaviors` VALUES (32498, 'u10017_3', '2025-04-15 14:49:12.980', 2, 1, 9593605, '2025-04-20 01:53:13.956', '2025-04-20 01:53:13.956', NULL);
INSERT INTO `user_behaviors` VALUES (32499, 'u10017_3', '2025-04-12 11:13:12.980', 2, 1, 2645157, '2025-04-20 01:53:13.961', '2025-04-20 01:53:13.961', NULL);
INSERT INTO `user_behaviors` VALUES (32500, 'u10017_3', '2025-03-30 21:25:12.980', 1, 2, 160, '2025-04-20 01:53:13.965', '2025-04-20 01:53:13.965', NULL);
INSERT INTO `user_behaviors` VALUES (32501, 'u10017_3', '2025-04-10 14:49:12.980', 1, 2, 919, '2025-04-20 01:53:13.971', '2025-04-20 01:53:13.971', NULL);
INSERT INTO `user_behaviors` VALUES (32502, 'u10017_3', '2025-04-04 23:14:12.980', 1, 2, 548, '2025-04-20 01:53:13.976', '2025-04-20 01:53:13.976', NULL);
INSERT INTO `user_behaviors` VALUES (32503, 'u10017_3', '2025-04-16 13:43:12.980', 2, 2, 176, '2025-04-20 01:53:13.982', '2025-04-20 01:53:13.982', NULL);
INSERT INTO `user_behaviors` VALUES (32504, 'u10017_3', '2025-04-12 13:51:12.980', 1, 2, 919, '2025-04-20 01:53:13.987', '2025-04-20 01:53:13.987', NULL);
INSERT INTO `user_behaviors` VALUES (32505, 'u10017_3', '2025-04-07 19:31:12.980', 1, 1, 8650082, '2025-04-20 01:53:13.992', '2025-04-20 01:53:13.992', NULL);
INSERT INTO `user_behaviors` VALUES (32506, 'u10017_3', '2025-04-03 15:20:12.980', 1, 1, 1795904, '2025-04-20 01:53:13.997', '2025-04-20 01:53:13.997', NULL);
INSERT INTO `user_behaviors` VALUES (32507, 'u10018_4', '2025-03-30 11:06:12.980', 1, 1, 10392384, '2025-04-20 01:53:14.003', '2025-04-20 01:53:14.003', NULL);
INSERT INTO `user_behaviors` VALUES (32508, 'u10018_4', '2025-04-07 03:46:12.980', 1, 1, 6789344, '2025-04-20 01:53:14.008', '2025-04-20 01:53:14.008', NULL);
INSERT INTO `user_behaviors` VALUES (32509, 'u10018_4', '2025-03-24 10:30:12.980', 2, 2, 1003, '2025-04-20 01:53:14.013', '2025-04-20 01:53:14.013', NULL);
INSERT INTO `user_behaviors` VALUES (32510, 'u10018_4', '2025-04-01 11:35:12.980', 1, 2, 680, '2025-04-20 01:53:14.022', '2025-04-20 01:53:14.022', NULL);
INSERT INTO `user_behaviors` VALUES (32511, 'u10018_4', '2025-04-12 23:47:12.980', 2, 1, 6797652, '2025-04-20 01:53:14.027', '2025-04-20 01:53:14.027', NULL);
INSERT INTO `user_behaviors` VALUES (32512, 'u10018_4', '2025-03-21 13:33:12.980', 2, 2, 458, '2025-04-20 01:53:14.033', '2025-04-20 01:53:14.033', NULL);
INSERT INTO `user_behaviors` VALUES (32513, 'u10018_4', '2025-03-27 05:40:12.980', 1, 2, 647, '2025-04-20 01:53:14.038', '2025-04-20 01:53:14.038', NULL);
INSERT INTO `user_behaviors` VALUES (32514, 'u10018_4', '2025-03-30 23:31:12.980', 1, 2, 605, '2025-04-20 01:53:14.042', '2025-04-20 01:53:14.042', NULL);
INSERT INTO `user_behaviors` VALUES (32515, 'u10018_4', '2025-04-12 14:34:12.980', 2, 2, 402, '2025-04-20 01:53:14.048', '2025-04-20 01:53:14.048', NULL);
INSERT INTO `user_behaviors` VALUES (32516, 'u10018_4', '2025-04-06 00:19:12.980', 1, 1, 1546826, '2025-04-20 01:53:14.053', '2025-04-20 01:53:14.053', NULL);
INSERT INTO `user_behaviors` VALUES (32517, 'u10019_5', '2025-04-08 09:26:12.980', 1, 1, 3014152, '2025-04-20 01:53:14.059', '2025-04-20 01:53:14.059', NULL);
INSERT INTO `user_behaviors` VALUES (32518, 'u10019_5', '2025-04-13 21:13:12.980', 1, 2, 801, '2025-04-20 01:53:14.064', '2025-04-20 01:53:14.064', NULL);
INSERT INTO `user_behaviors` VALUES (32519, 'u10019_5', '2025-04-03 05:02:12.980', 2, 2, 374, '2025-04-20 01:53:14.069', '2025-04-20 01:53:14.069', NULL);
INSERT INTO `user_behaviors` VALUES (32520, 'u10019_5', '2025-03-23 12:29:12.980', 2, 1, 7793276, '2025-04-20 01:53:14.075', '2025-04-20 01:53:14.075', NULL);
INSERT INTO `user_behaviors` VALUES (32521, 'u10019_5', '2025-03-25 10:38:12.980', 1, 1, 3003567, '2025-04-20 01:53:14.080', '2025-04-20 01:53:14.080', NULL);
INSERT INTO `user_behaviors` VALUES (32522, 'u10019_5', '2025-04-10 14:15:12.980', 2, 1, 3132912, '2025-04-20 01:53:14.085', '2025-04-20 01:53:14.085', NULL);
INSERT INTO `user_behaviors` VALUES (32523, 'u10019_5', '2025-03-24 08:22:12.980', 2, 1, 2176967, '2025-04-20 01:53:14.091', '2025-04-20 01:53:14.091', NULL);
INSERT INTO `user_behaviors` VALUES (32524, 'u10019_5', '2025-03-29 21:30:12.980', 1, 2, 812, '2025-04-20 01:53:14.097', '2025-04-20 01:53:14.097', NULL);
INSERT INTO `user_behaviors` VALUES (32525, 'u10019_5', '2025-04-09 13:52:12.980', 1, 1, 5368339, '2025-04-20 01:53:14.102', '2025-04-20 01:53:14.102', NULL);
INSERT INTO `user_behaviors` VALUES (32526, 'u10019_5', '2025-04-12 08:43:12.980', 1, 1, 32802, '2025-04-20 01:53:14.107', '2025-04-20 01:53:14.107', NULL);
INSERT INTO `user_behaviors` VALUES (32527, 'u10020_1', '2025-04-10 18:37:12.980', 2, 2, 728, '2025-04-20 01:53:14.112', '2025-04-20 01:53:14.112', NULL);
INSERT INTO `user_behaviors` VALUES (32528, 'u10020_1', '2025-04-05 00:08:12.980', 1, 2, 150, '2025-04-20 01:53:14.117', '2025-04-20 01:53:14.117', NULL);
INSERT INTO `user_behaviors` VALUES (32529, 'u10020_1', '2025-03-28 12:08:12.980', 2, 2, 792, '2025-04-20 01:53:14.122', '2025-04-20 01:53:14.122', NULL);
INSERT INTO `user_behaviors` VALUES (32530, 'u10020_1', '2025-03-22 14:33:12.980', 2, 2, 110, '2025-04-20 01:53:14.128', '2025-04-20 01:53:14.128', NULL);
INSERT INTO `user_behaviors` VALUES (32531, 'u10020_1', '2025-04-11 20:00:12.980', 1, 1, 3563304, '2025-04-20 01:53:14.133', '2025-04-20 01:53:14.133', NULL);
INSERT INTO `user_behaviors` VALUES (32532, 'u10020_1', '2025-03-25 12:33:12.980', 1, 1, 9732149, '2025-04-20 01:53:14.138', '2025-04-20 01:53:14.138', NULL);
INSERT INTO `user_behaviors` VALUES (32533, 'u10020_1', '2025-03-31 20:24:12.980', 1, 1, 3845120, '2025-04-20 01:53:14.143', '2025-04-20 01:53:14.143', NULL);
INSERT INTO `user_behaviors` VALUES (32534, 'u10020_1', '2025-04-06 14:42:12.980', 1, 2, 152, '2025-04-20 01:53:14.149', '2025-04-20 01:53:14.149', NULL);
INSERT INTO `user_behaviors` VALUES (32535, 'u10020_1', '2025-03-29 20:11:12.980', 1, 1, 87179, '2025-04-20 01:53:14.155', '2025-04-20 01:53:14.155', NULL);
INSERT INTO `user_behaviors` VALUES (32536, 'u10020_1', '2025-04-06 15:49:12.980', 2, 1, 2955864, '2025-04-20 01:53:14.160', '2025-04-20 01:53:14.160', NULL);
INSERT INTO `user_behaviors` VALUES (32537, 'u10021_2', '2025-04-15 13:55:12.980', 2, 1, 2769463, '2025-04-20 01:53:14.165', '2025-04-20 01:53:14.165', NULL);
INSERT INTO `user_behaviors` VALUES (32538, 'u10021_2', '2025-04-18 19:26:12.980', 1, 1, 7420737, '2025-04-20 01:53:14.171', '2025-04-20 01:53:14.171', NULL);
INSERT INTO `user_behaviors` VALUES (32539, 'u10021_2', '2025-04-15 04:38:12.980', 1, 2, 1015, '2025-04-20 01:53:14.176', '2025-04-20 01:53:14.176', NULL);
INSERT INTO `user_behaviors` VALUES (32540, 'u10021_2', '2025-04-02 16:47:12.980', 1, 2, 379, '2025-04-20 01:53:14.181', '2025-04-20 01:53:14.181', NULL);
INSERT INTO `user_behaviors` VALUES (32541, 'u10021_2', '2025-04-18 06:43:12.980', 2, 2, 95, '2025-04-20 01:53:14.187', '2025-04-20 01:53:14.187', NULL);
INSERT INTO `user_behaviors` VALUES (32542, 'u10021_2', '2025-04-02 18:33:12.980', 1, 1, 8545634, '2025-04-20 01:53:14.192', '2025-04-20 01:53:14.192', NULL);
INSERT INTO `user_behaviors` VALUES (32543, 'u10021_2', '2025-03-23 16:11:12.980', 1, 2, 445, '2025-04-20 01:53:14.199', '2025-04-20 01:53:14.199', NULL);
INSERT INTO `user_behaviors` VALUES (32544, 'u10021_2', '2025-04-11 13:40:12.980', 1, 2, 618, '2025-04-20 01:53:14.204', '2025-04-20 01:53:14.204', NULL);
INSERT INTO `user_behaviors` VALUES (32545, 'u10021_2', '2025-03-21 13:21:12.980', 2, 2, 994, '2025-04-20 01:53:14.209', '2025-04-20 01:53:14.209', NULL);
INSERT INTO `user_behaviors` VALUES (32546, 'u10021_2', '2025-03-30 19:34:12.980', 1, 1, 281145, '2025-04-20 01:53:14.214', '2025-04-20 01:53:14.214', NULL);
INSERT INTO `user_behaviors` VALUES (32547, 'u10022_3', '2025-03-27 01:40:12.980', 1, 1, 8490205, '2025-04-20 01:53:14.219', '2025-04-20 01:53:14.219', NULL);
INSERT INTO `user_behaviors` VALUES (32548, 'u10022_3', '2025-04-03 07:14:12.980', 1, 2, 516, '2025-04-20 01:53:14.224', '2025-04-20 01:53:14.224', NULL);
INSERT INTO `user_behaviors` VALUES (32549, 'u10022_3', '2025-03-26 17:46:12.980', 1, 2, 816, '2025-04-20 01:53:14.229', '2025-04-20 01:53:14.229', NULL);
INSERT INTO `user_behaviors` VALUES (32550, 'u10022_3', '2025-04-13 10:06:12.980', 2, 1, 7420918, '2025-04-20 01:53:14.235', '2025-04-20 01:53:14.235', NULL);
INSERT INTO `user_behaviors` VALUES (32551, 'u10022_3', '2025-04-18 05:02:12.980', 2, 1, 7346696, '2025-04-20 01:53:14.240', '2025-04-20 01:53:14.240', NULL);
INSERT INTO `user_behaviors` VALUES (32552, 'u10022_3', '2025-03-25 12:30:12.980', 2, 2, 826, '2025-04-20 01:53:14.245', '2025-04-20 01:53:14.245', NULL);
INSERT INTO `user_behaviors` VALUES (32553, 'u10022_3', '2025-03-27 03:16:12.980', 1, 2, 887, '2025-04-20 01:53:14.250', '2025-04-20 01:53:14.250', NULL);
INSERT INTO `user_behaviors` VALUES (32554, 'u10022_3', '2025-04-17 07:56:12.980', 1, 1, 4739608, '2025-04-20 01:53:14.255', '2025-04-20 01:53:14.255', NULL);
INSERT INTO `user_behaviors` VALUES (32555, 'u10022_3', '2025-03-29 08:11:12.980', 1, 2, 320, '2025-04-20 01:53:14.261', '2025-04-20 01:53:14.261', NULL);
INSERT INTO `user_behaviors` VALUES (32556, 'u10022_3', '2025-03-25 10:23:12.980', 1, 2, 274, '2025-04-20 01:53:14.266', '2025-04-20 01:53:14.266', NULL);
INSERT INTO `user_behaviors` VALUES (32557, 'u10023_4', '2025-03-22 02:22:12.980', 2, 1, 6631164, '2025-04-20 01:53:14.271', '2025-04-20 01:53:14.271', NULL);
INSERT INTO `user_behaviors` VALUES (32558, 'u10023_4', '2025-04-06 13:38:12.980', 1, 1, 6992714, '2025-04-20 01:53:14.276', '2025-04-20 01:53:14.276', NULL);
INSERT INTO `user_behaviors` VALUES (32559, 'u10023_4', '2025-04-14 00:57:12.980', 1, 2, 813, '2025-04-20 01:53:14.282', '2025-04-20 01:53:14.282', NULL);
INSERT INTO `user_behaviors` VALUES (32560, 'u10023_4', '2025-04-02 20:51:12.980', 2, 2, 68, '2025-04-20 01:53:14.287', '2025-04-20 01:53:14.287', NULL);
INSERT INTO `user_behaviors` VALUES (32561, 'u10023_4', '2025-03-21 10:53:12.980', 1, 1, 40020, '2025-04-20 01:53:14.293', '2025-04-20 01:53:14.293', NULL);
INSERT INTO `user_behaviors` VALUES (32562, 'u10023_4', '2025-04-07 08:14:12.980', 1, 1, 270069, '2025-04-20 01:53:14.298', '2025-04-20 01:53:14.298', NULL);
INSERT INTO `user_behaviors` VALUES (32563, 'u10023_4', '2025-04-13 00:40:12.980', 2, 2, 143, '2025-04-20 01:53:14.303', '2025-04-20 01:53:14.303', NULL);
INSERT INTO `user_behaviors` VALUES (32564, 'u10023_4', '2025-04-07 06:48:12.980', 1, 2, 643, '2025-04-20 01:53:14.308', '2025-04-20 01:53:14.308', NULL);
INSERT INTO `user_behaviors` VALUES (32565, 'u10023_4', '2025-04-02 12:53:12.980', 2, 2, 138, '2025-04-20 01:53:14.314', '2025-04-20 01:53:14.314', NULL);
INSERT INTO `user_behaviors` VALUES (32566, 'u10023_4', '2025-04-03 20:49:12.980', 2, 2, 996, '2025-04-20 01:53:14.319', '2025-04-20 01:53:14.319', NULL);
INSERT INTO `user_behaviors` VALUES (32567, 'u10024_5', '2025-03-30 21:04:12.980', 1, 1, 6382611, '2025-04-20 01:53:14.324', '2025-04-20 01:53:14.324', NULL);
INSERT INTO `user_behaviors` VALUES (32568, 'u10024_5', '2025-04-02 11:58:12.980', 1, 2, 204, '2025-04-20 01:53:14.329', '2025-04-20 01:53:14.329', NULL);
INSERT INTO `user_behaviors` VALUES (32569, 'u10024_5', '2025-04-08 13:55:12.980', 2, 1, 6259263, '2025-04-20 01:53:14.335', '2025-04-20 01:53:14.335', NULL);
INSERT INTO `user_behaviors` VALUES (32570, 'u10024_5', '2025-04-17 07:53:12.980', 2, 1, 2112917, '2025-04-20 01:53:14.341', '2025-04-20 01:53:14.341', NULL);
INSERT INTO `user_behaviors` VALUES (32571, 'u10024_5', '2025-04-18 17:14:12.980', 1, 1, 1887677, '2025-04-20 01:53:14.345', '2025-04-20 01:53:14.345', NULL);
INSERT INTO `user_behaviors` VALUES (32572, 'u10024_5', '2025-04-14 08:34:12.980', 2, 2, 100, '2025-04-20 01:53:14.350', '2025-04-20 01:53:14.350', NULL);
INSERT INTO `user_behaviors` VALUES (32573, 'u10024_5', '2025-04-08 04:39:12.980', 1, 1, 4143304, '2025-04-20 01:53:14.355', '2025-04-20 01:53:14.355', NULL);
INSERT INTO `user_behaviors` VALUES (32574, 'u10024_5', '2025-04-13 03:27:12.980', 2, 1, 1552365, '2025-04-20 01:53:14.360', '2025-04-20 01:53:14.360', NULL);
INSERT INTO `user_behaviors` VALUES (32575, 'u10024_5', '2025-04-04 07:06:12.980', 2, 2, 951, '2025-04-20 01:53:14.367', '2025-04-20 01:53:14.367', NULL);
INSERT INTO `user_behaviors` VALUES (32576, 'u10024_5', '2025-04-07 20:34:12.980', 2, 1, 1667314, '2025-04-20 01:53:14.372', '2025-04-20 01:53:14.372', NULL);
INSERT INTO `user_behaviors` VALUES (32577, 'u10025_1', '2025-03-23 07:39:12.980', 2, 1, 9442501, '2025-04-20 01:53:14.377', '2025-04-20 01:53:14.377', NULL);
INSERT INTO `user_behaviors` VALUES (32578, 'u10025_1', '2025-04-12 04:43:12.980', 1, 2, 210, '2025-04-20 01:53:14.382', '2025-04-20 01:53:14.382', NULL);
INSERT INTO `user_behaviors` VALUES (32579, 'u10025_1', '2025-04-03 11:40:12.980', 2, 2, 699, '2025-04-20 01:53:14.387', '2025-04-20 01:53:14.387', NULL);
INSERT INTO `user_behaviors` VALUES (32580, 'u10025_1', '2025-03-24 22:56:12.980', 2, 2, 60, '2025-04-20 01:53:14.392', '2025-04-20 01:53:14.392', NULL);
INSERT INTO `user_behaviors` VALUES (32581, 'u10025_1', '2025-04-11 23:21:12.980', 1, 1, 9793796, '2025-04-20 01:53:14.398', '2025-04-20 01:53:14.398', NULL);
INSERT INTO `user_behaviors` VALUES (32582, 'u10025_1', '2025-03-22 21:33:12.980', 2, 1, 7906384, '2025-04-20 01:53:14.404', '2025-04-20 01:53:14.404', NULL);
INSERT INTO `user_behaviors` VALUES (32583, 'u10025_1', '2025-03-28 04:04:12.980', 1, 2, 1010, '2025-04-20 01:53:14.409', '2025-04-20 01:53:14.409', NULL);
INSERT INTO `user_behaviors` VALUES (32584, 'u10025_1', '2025-03-24 05:05:12.980', 2, 1, 5594835, '2025-04-20 01:53:14.414', '2025-04-20 01:53:14.414', NULL);
INSERT INTO `user_behaviors` VALUES (32585, 'u10025_1', '2025-04-19 21:35:12.980', 2, 1, 4592366, '2025-04-20 01:53:14.419', '2025-04-20 01:53:14.419', NULL);
INSERT INTO `user_behaviors` VALUES (32586, 'u10025_1', '2025-04-08 05:19:12.980', 1, 1, 8028371, '2025-04-20 01:53:14.424', '2025-04-20 01:53:14.424', NULL);
INSERT INTO `user_behaviors` VALUES (32587, 'u10026_2', '2025-04-09 00:06:12.980', 1, 2, 770, '2025-04-20 01:53:14.428', '2025-04-20 01:53:14.428', NULL);
INSERT INTO `user_behaviors` VALUES (32588, 'u10026_2', '2025-04-01 11:38:12.980', 2, 2, 592, '2025-04-20 01:53:14.434', '2025-04-20 01:53:14.434', NULL);
INSERT INTO `user_behaviors` VALUES (32589, 'u10026_2', '2025-04-05 13:47:12.980', 2, 2, 384, '2025-04-20 01:53:14.439', '2025-04-20 01:53:14.439', NULL);
INSERT INTO `user_behaviors` VALUES (32590, 'u10026_2', '2025-04-18 12:17:12.980', 1, 2, 868, '2025-04-20 01:53:14.445', '2025-04-20 01:53:14.445', NULL);
INSERT INTO `user_behaviors` VALUES (32591, 'u10026_2', '2025-04-05 14:01:12.980', 1, 1, 6024238, '2025-04-20 01:53:14.450', '2025-04-20 01:53:14.450', NULL);
INSERT INTO `user_behaviors` VALUES (32592, 'u10026_2', '2025-04-01 03:40:12.980', 2, 1, 6623630, '2025-04-20 01:53:14.455', '2025-04-20 01:53:14.455', NULL);
INSERT INTO `user_behaviors` VALUES (32593, 'u10026_2', '2025-04-09 18:23:12.980', 2, 1, 8931214, '2025-04-20 01:53:14.461', '2025-04-20 01:53:14.461', NULL);
INSERT INTO `user_behaviors` VALUES (32594, 'u10026_2', '2025-04-04 10:10:12.980', 2, 1, 7598127, '2025-04-20 01:53:14.466', '2025-04-20 01:53:14.466', NULL);
INSERT INTO `user_behaviors` VALUES (32595, 'u10026_2', '2025-04-13 04:10:12.980', 2, 1, 4926753, '2025-04-20 01:53:14.471', '2025-04-20 01:53:14.471', NULL);
INSERT INTO `user_behaviors` VALUES (32596, 'u10026_2', '2025-03-29 04:07:12.980', 1, 2, 816, '2025-04-20 01:53:14.476', '2025-04-20 01:53:14.476', NULL);
INSERT INTO `user_behaviors` VALUES (32597, 'u10027_3', '2025-04-17 20:26:12.980', 2, 2, 927, '2025-04-20 01:53:14.482', '2025-04-20 01:53:14.482', NULL);
INSERT INTO `user_behaviors` VALUES (32598, 'u10027_3', '2025-04-03 15:12:12.980', 1, 1, 6493885, '2025-04-20 01:53:14.488', '2025-04-20 01:53:14.488', NULL);
INSERT INTO `user_behaviors` VALUES (32599, 'u10027_3', '2025-04-12 18:17:12.980', 1, 2, 386, '2025-04-20 01:53:14.494', '2025-04-20 01:53:14.494', NULL);
INSERT INTO `user_behaviors` VALUES (32600, 'u10027_3', '2025-03-22 14:55:12.980', 2, 2, 792, '2025-04-20 01:53:14.498', '2025-04-20 01:53:14.498', NULL);
INSERT INTO `user_behaviors` VALUES (32601, 'u10027_3', '2025-03-23 03:30:12.980', 1, 1, 5914893, '2025-04-20 01:53:14.505', '2025-04-20 01:53:14.505', NULL);
INSERT INTO `user_behaviors` VALUES (32602, 'u10027_3', '2025-04-01 01:43:12.980', 1, 2, 447, '2025-04-20 01:53:14.510', '2025-04-20 01:53:14.510', NULL);
INSERT INTO `user_behaviors` VALUES (32603, 'u10027_3', '2025-04-18 04:32:12.980', 2, 1, 1671513, '2025-04-20 01:53:14.515', '2025-04-20 01:53:14.515', NULL);
INSERT INTO `user_behaviors` VALUES (32604, 'u10027_3', '2025-04-06 19:01:12.980', 2, 2, 542, '2025-04-20 01:53:14.520', '2025-04-20 01:53:14.520', NULL);
INSERT INTO `user_behaviors` VALUES (32605, 'u10027_3', '2025-04-13 18:00:12.980', 1, 2, 536, '2025-04-20 01:53:14.526', '2025-04-20 01:53:14.526', NULL);
INSERT INTO `user_behaviors` VALUES (32606, 'u10027_3', '2025-04-17 18:24:12.980', 1, 1, 5395375, '2025-04-20 01:53:14.530', '2025-04-20 01:53:14.530', NULL);
INSERT INTO `user_behaviors` VALUES (32607, 'u10028_4', '2025-04-10 03:05:12.980', 1, 1, 2755099, '2025-04-20 01:53:14.535', '2025-04-20 01:53:14.535', NULL);
INSERT INTO `user_behaviors` VALUES (32608, 'u10028_4', '2025-03-28 16:53:12.980', 1, 2, 632, '2025-04-20 01:53:14.541', '2025-04-20 01:53:14.541', NULL);
INSERT INTO `user_behaviors` VALUES (32609, 'u10028_4', '2025-03-26 09:09:12.980', 2, 1, 7486096, '2025-04-20 01:53:14.547', '2025-04-20 01:53:14.547', NULL);
INSERT INTO `user_behaviors` VALUES (32610, 'u10028_4', '2025-03-26 07:17:12.980', 2, 1, 1544335, '2025-04-20 01:53:14.553', '2025-04-20 01:53:14.553', NULL);
INSERT INTO `user_behaviors` VALUES (32611, 'u10028_4', '2025-04-10 12:33:12.980', 2, 2, 320, '2025-04-20 01:53:14.558', '2025-04-20 01:53:14.558', NULL);
INSERT INTO `user_behaviors` VALUES (32612, 'u10028_4', '2025-04-04 00:46:12.980', 2, 2, 1013, '2025-04-20 01:53:14.564', '2025-04-20 01:53:14.564', NULL);
INSERT INTO `user_behaviors` VALUES (32613, 'u10028_4', '2025-03-29 10:22:12.980', 1, 1, 5198544, '2025-04-20 01:53:14.569', '2025-04-20 01:53:14.569', NULL);
INSERT INTO `user_behaviors` VALUES (32614, 'u10028_4', '2025-03-25 12:20:12.980', 2, 1, 5063481, '2025-04-20 01:53:14.575', '2025-04-20 01:53:14.575', NULL);
INSERT INTO `user_behaviors` VALUES (32615, 'u10028_4', '2025-03-27 22:34:12.980', 2, 2, 638, '2025-04-20 01:53:14.580', '2025-04-20 01:53:14.580', NULL);
INSERT INTO `user_behaviors` VALUES (32616, 'u10028_4', '2025-04-08 16:35:12.980', 1, 2, 408, '2025-04-20 01:53:14.585', '2025-04-20 01:53:14.585', NULL);
INSERT INTO `user_behaviors` VALUES (32617, 'u10029_5', '2025-04-15 13:56:12.980', 2, 2, 883, '2025-04-20 01:53:14.590', '2025-04-20 01:53:14.590', NULL);
INSERT INTO `user_behaviors` VALUES (32618, 'u10029_5', '2025-04-20 00:55:12.980', 1, 2, 647, '2025-04-20 01:53:14.596', '2025-04-20 01:53:14.596', NULL);
INSERT INTO `user_behaviors` VALUES (32619, 'u10029_5', '2025-04-08 14:58:12.980', 2, 2, 334, '2025-04-20 01:53:14.601', '2025-04-20 01:53:14.601', NULL);
INSERT INTO `user_behaviors` VALUES (32620, 'u10029_5', '2025-04-17 02:03:12.980', 1, 1, 8871879, '2025-04-20 01:53:14.607', '2025-04-20 01:53:14.607', NULL);
INSERT INTO `user_behaviors` VALUES (32621, 'u10029_5', '2025-04-17 08:04:12.980', 1, 2, 43, '2025-04-20 01:53:14.611', '2025-04-20 01:53:14.611', NULL);
INSERT INTO `user_behaviors` VALUES (32622, 'u10029_5', '2025-03-27 20:15:12.980', 2, 2, 684, '2025-04-20 01:53:14.617', '2025-04-20 01:53:14.617', NULL);
INSERT INTO `user_behaviors` VALUES (32623, 'u10029_5', '2025-04-16 11:15:12.980', 1, 1, 3740210, '2025-04-20 01:53:14.622', '2025-04-20 01:53:14.622', NULL);
INSERT INTO `user_behaviors` VALUES (32624, 'u10029_5', '2025-03-29 01:48:12.980', 1, 1, 10047620, '2025-04-20 01:53:14.627', '2025-04-20 01:53:14.627', NULL);
INSERT INTO `user_behaviors` VALUES (32625, 'u10029_5', '2025-04-08 17:53:12.980', 2, 2, 248, '2025-04-20 01:53:14.632', '2025-04-20 01:53:14.632', NULL);
INSERT INTO `user_behaviors` VALUES (32626, 'u10029_5', '2025-04-16 09:59:12.980', 2, 2, 111, '2025-04-20 01:53:14.637', '2025-04-20 01:53:14.637', NULL);
INSERT INTO `user_behaviors` VALUES (32627, 'u10030_1', '2025-04-18 21:34:12.980', 1, 1, 4635523, '2025-04-20 01:53:14.642', '2025-04-20 01:53:14.642', NULL);
INSERT INTO `user_behaviors` VALUES (32628, 'u10030_1', '2025-04-17 13:13:12.980', 2, 2, 674, '2025-04-20 01:53:14.648', '2025-04-20 01:53:14.648', NULL);
INSERT INTO `user_behaviors` VALUES (32629, 'u10030_1', '2025-03-23 17:49:12.980', 2, 2, 127, '2025-04-20 01:53:14.652', '2025-04-20 01:53:14.652', NULL);
INSERT INTO `user_behaviors` VALUES (32630, 'u10030_1', '2025-04-03 20:37:12.980', 2, 2, 22, '2025-04-20 01:53:14.658', '2025-04-20 01:53:14.658', NULL);
INSERT INTO `user_behaviors` VALUES (32631, 'u10030_1', '2025-04-17 01:31:12.980', 1, 1, 8357215, '2025-04-20 01:53:14.662', '2025-04-20 01:53:14.662', NULL);
INSERT INTO `user_behaviors` VALUES (32632, 'u10030_1', '2025-04-11 09:40:12.980', 2, 2, 377, '2025-04-20 01:53:14.668', '2025-04-20 01:53:14.668', NULL);
INSERT INTO `user_behaviors` VALUES (32633, 'u10030_1', '2025-04-14 21:02:12.980', 2, 1, 8191507, '2025-04-20 01:53:14.673', '2025-04-20 01:53:14.673', NULL);
INSERT INTO `user_behaviors` VALUES (32634, 'u10030_1', '2025-04-08 13:05:12.980', 2, 1, 1057161, '2025-04-20 01:53:14.679', '2025-04-20 01:53:14.679', NULL);
INSERT INTO `user_behaviors` VALUES (32635, 'u10030_1', '2025-04-08 18:49:12.980', 2, 1, 3620637, '2025-04-20 01:53:14.686', '2025-04-20 01:53:14.686', NULL);
INSERT INTO `user_behaviors` VALUES (32636, 'u10030_1', '2025-03-24 21:35:12.980', 2, 1, 1410008, '2025-04-20 01:53:14.691', '2025-04-20 01:53:14.691', NULL);
INSERT INTO `user_behaviors` VALUES (32637, 'u10031_2', '2025-04-08 09:42:12.980', 2, 2, 747, '2025-04-20 01:53:14.696', '2025-04-20 01:53:14.696', NULL);
INSERT INTO `user_behaviors` VALUES (32638, 'u10031_2', '2025-04-16 12:11:12.980', 2, 1, 3050726, '2025-04-20 01:53:14.702', '2025-04-20 01:53:14.702', NULL);
INSERT INTO `user_behaviors` VALUES (32639, 'u10031_2', '2025-03-24 02:36:12.980', 1, 2, 64, '2025-04-20 01:53:14.707', '2025-04-20 01:53:14.707', NULL);
INSERT INTO `user_behaviors` VALUES (32640, 'u10031_2', '2025-04-13 12:35:12.980', 2, 1, 9650159, '2025-04-20 01:53:14.711', '2025-04-20 01:53:14.711', NULL);
INSERT INTO `user_behaviors` VALUES (32641, 'u10031_2', '2025-03-23 10:05:12.980', 2, 1, 1197381, '2025-04-20 01:53:14.717', '2025-04-20 01:53:14.717', NULL);
INSERT INTO `user_behaviors` VALUES (32642, 'u10031_2', '2025-03-23 14:02:12.980', 1, 1, 5602708, '2025-04-20 01:53:14.722', '2025-04-20 01:53:14.722', NULL);
INSERT INTO `user_behaviors` VALUES (32643, 'u10031_2', '2025-04-14 12:05:12.980', 1, 2, 359, '2025-04-20 01:53:14.728', '2025-04-20 01:53:14.728', NULL);
INSERT INTO `user_behaviors` VALUES (32644, 'u10031_2', '2025-03-21 06:29:12.980', 2, 2, 41, '2025-04-20 01:53:14.732', '2025-04-20 01:53:14.732', NULL);
INSERT INTO `user_behaviors` VALUES (32645, 'u10031_2', '2025-04-18 03:14:12.980', 1, 1, 9922812, '2025-04-20 01:53:14.738', '2025-04-20 01:53:14.738', NULL);
INSERT INTO `user_behaviors` VALUES (32646, 'u10031_2', '2025-03-31 18:08:12.980', 2, 2, 384, '2025-04-20 01:53:14.742', '2025-04-20 01:53:14.742', NULL);
INSERT INTO `user_behaviors` VALUES (32647, 'u10032_3', '2025-04-08 18:22:12.980', 2, 1, 5868981, '2025-04-20 01:53:14.748', '2025-04-20 01:53:14.748', NULL);
INSERT INTO `user_behaviors` VALUES (32648, 'u10032_3', '2025-04-12 04:58:12.980', 2, 1, 3221573, '2025-04-20 01:53:14.752', '2025-04-20 01:53:14.752', NULL);
INSERT INTO `user_behaviors` VALUES (32649, 'u10032_3', '2025-03-30 18:40:12.980', 1, 2, 764, '2025-04-20 01:53:14.758', '2025-04-20 01:53:14.758', NULL);
INSERT INTO `user_behaviors` VALUES (32650, 'u10032_3', '2025-04-04 09:11:12.980', 1, 1, 7001936, '2025-04-20 01:53:14.765', '2025-04-20 01:53:14.765', NULL);
INSERT INTO `user_behaviors` VALUES (32651, 'u10032_3', '2025-04-04 02:07:12.980', 1, 1, 2029642, '2025-04-20 01:53:14.770', '2025-04-20 01:53:14.770', NULL);
INSERT INTO `user_behaviors` VALUES (32652, 'u10032_3', '2025-04-06 07:48:12.980', 2, 1, 3553590, '2025-04-20 01:53:14.775', '2025-04-20 01:53:14.775', NULL);
INSERT INTO `user_behaviors` VALUES (32653, 'u10032_3', '2025-04-05 13:15:12.980', 1, 1, 8569459, '2025-04-20 01:53:14.780', '2025-04-20 01:53:14.780', NULL);
INSERT INTO `user_behaviors` VALUES (32654, 'u10032_3', '2025-04-13 06:25:12.980', 1, 2, 56, '2025-04-20 01:53:14.784', '2025-04-20 01:53:14.784', NULL);
INSERT INTO `user_behaviors` VALUES (32655, 'u10032_3', '2025-03-21 09:47:12.980', 2, 1, 276397, '2025-04-20 01:53:14.792', '2025-04-20 01:53:14.792', NULL);
INSERT INTO `user_behaviors` VALUES (32656, 'u10032_3', '2025-04-19 16:34:12.980', 2, 1, 2840363, '2025-04-20 01:53:14.797', '2025-04-20 01:53:14.797', NULL);
INSERT INTO `user_behaviors` VALUES (32657, 'u10033_4', '2025-04-19 18:21:12.980', 1, 2, 984, '2025-04-20 01:53:14.802', '2025-04-20 01:53:14.802', NULL);
INSERT INTO `user_behaviors` VALUES (32658, 'u10033_4', '2025-03-26 14:47:12.980', 2, 2, 232, '2025-04-20 01:53:14.808', '2025-04-20 01:53:14.808', NULL);
INSERT INTO `user_behaviors` VALUES (32659, 'u10033_4', '2025-03-24 04:55:12.980', 1, 2, 75, '2025-04-20 01:53:14.812', '2025-04-20 01:53:14.812', NULL);
INSERT INTO `user_behaviors` VALUES (32660, 'u10033_4', '2025-04-08 05:55:12.980', 1, 1, 2831685, '2025-04-20 01:53:14.817', '2025-04-20 01:53:14.817', NULL);
INSERT INTO `user_behaviors` VALUES (32661, 'u10033_4', '2025-03-21 17:33:12.980', 1, 1, 4197847, '2025-04-20 01:53:14.823', '2025-04-20 01:53:14.823', NULL);
INSERT INTO `user_behaviors` VALUES (32662, 'u10033_4', '2025-04-09 00:34:12.980', 2, 2, 653, '2025-04-20 01:53:14.828', '2025-04-20 01:53:14.828', NULL);
INSERT INTO `user_behaviors` VALUES (32663, 'u10033_4', '2025-03-27 18:05:12.980', 1, 1, 2913232, '2025-04-20 01:53:14.834', '2025-04-20 01:53:14.834', NULL);
INSERT INTO `user_behaviors` VALUES (32664, 'u10033_4', '2025-04-17 21:35:12.980', 2, 1, 5455828, '2025-04-20 01:53:14.839', '2025-04-20 01:53:14.839', NULL);
INSERT INTO `user_behaviors` VALUES (32665, 'u10033_4', '2025-04-08 06:58:12.980', 1, 1, 2614622, '2025-04-20 01:53:14.844', '2025-04-20 01:53:14.844', NULL);
INSERT INTO `user_behaviors` VALUES (32666, 'u10033_4', '2025-03-23 04:04:12.980', 1, 2, 382, '2025-04-20 01:53:14.849', '2025-04-20 01:53:14.849', NULL);
INSERT INTO `user_behaviors` VALUES (32667, 'u10034_5', '2025-04-16 11:34:12.980', 1, 1, 3795594, '2025-04-20 01:53:14.855', '2025-04-20 01:53:14.855', NULL);
INSERT INTO `user_behaviors` VALUES (32668, 'u10034_5', '2025-03-23 15:12:12.980', 2, 1, 6867293, '2025-04-20 01:53:14.859', '2025-04-20 01:53:14.859', NULL);
INSERT INTO `user_behaviors` VALUES (32669, 'u10034_5', '2025-04-08 12:57:12.980', 1, 2, 919, '2025-04-20 01:53:14.865', '2025-04-20 01:53:14.865', NULL);
INSERT INTO `user_behaviors` VALUES (32670, 'u10034_5', '2025-03-31 23:26:12.980', 2, 1, 909416, '2025-04-20 01:53:14.870', '2025-04-20 01:53:14.870', NULL);
INSERT INTO `user_behaviors` VALUES (32671, 'u10034_5', '2025-03-24 19:38:12.980', 2, 1, 7155098, '2025-04-20 01:53:14.875', '2025-04-20 01:53:14.875', NULL);
INSERT INTO `user_behaviors` VALUES (32672, 'u10034_5', '2025-03-30 13:19:12.980', 2, 1, 5466865, '2025-04-20 01:53:14.880', '2025-04-20 01:53:14.880', NULL);
INSERT INTO `user_behaviors` VALUES (32673, 'u10034_5', '2025-03-30 12:14:12.980', 2, 1, 1850878, '2025-04-20 01:53:14.885', '2025-04-20 01:53:14.885', NULL);
INSERT INTO `user_behaviors` VALUES (32674, 'u10034_5', '2025-04-06 09:18:12.980', 1, 1, 5002162, '2025-04-20 01:53:14.891', '2025-04-20 01:53:14.891', NULL);
INSERT INTO `user_behaviors` VALUES (32675, 'u10034_5', '2025-03-28 07:07:12.980', 2, 1, 885726, '2025-04-20 01:53:14.896', '2025-04-20 01:53:14.896', NULL);
INSERT INTO `user_behaviors` VALUES (32676, 'u10034_5', '2025-04-11 20:27:12.980', 2, 1, 4429351, '2025-04-20 01:53:14.903', '2025-04-20 01:53:14.903', NULL);
INSERT INTO `user_behaviors` VALUES (32677, 'u10035_1', '2025-04-05 23:28:12.980', 2, 2, 258, '2025-04-20 01:53:14.908', '2025-04-20 01:53:14.908', NULL);
INSERT INTO `user_behaviors` VALUES (32678, 'u10035_1', '2025-03-30 00:36:12.980', 2, 1, 9630760, '2025-04-20 01:53:14.912', '2025-04-20 01:53:14.912', NULL);
INSERT INTO `user_behaviors` VALUES (32679, 'u10035_1', '2025-04-05 05:12:12.980', 2, 1, 4987196, '2025-04-20 01:53:14.918', '2025-04-20 01:53:14.918', NULL);
INSERT INTO `user_behaviors` VALUES (32680, 'u10035_1', '2025-04-07 02:39:12.980', 2, 2, 733, '2025-04-20 01:53:14.922', '2025-04-20 01:53:14.922', NULL);
INSERT INTO `user_behaviors` VALUES (32681, 'u10035_1', '2025-03-30 23:56:12.980', 1, 2, 749, '2025-04-20 01:53:14.928', '2025-04-20 01:53:14.928', NULL);
INSERT INTO `user_behaviors` VALUES (32682, 'u10035_1', '2025-03-22 06:54:12.980', 1, 1, 1428628, '2025-04-20 01:53:14.933', '2025-04-20 01:53:14.933', NULL);
INSERT INTO `user_behaviors` VALUES (32683, 'u10035_1', '2025-03-28 21:45:12.980', 2, 2, 374, '2025-04-20 01:53:14.938', '2025-04-20 01:53:14.938', NULL);
INSERT INTO `user_behaviors` VALUES (32684, 'u10035_1', '2025-04-08 23:56:12.980', 1, 1, 4483398, '2025-04-20 01:53:14.942', '2025-04-20 01:53:14.942', NULL);
INSERT INTO `user_behaviors` VALUES (32685, 'u10035_1', '2025-04-16 17:51:12.980', 1, 2, 689, '2025-04-20 01:53:14.948', '2025-04-20 01:53:14.948', NULL);
INSERT INTO `user_behaviors` VALUES (32686, 'u10035_1', '2025-04-18 17:53:12.980', 1, 1, 5666074, '2025-04-20 01:53:14.954', '2025-04-20 01:53:14.954', NULL);
INSERT INTO `user_behaviors` VALUES (32687, 'u10036_2', '2025-04-16 00:27:12.980', 1, 2, 427, '2025-04-20 01:53:14.958', '2025-04-20 01:53:14.958', NULL);
INSERT INTO `user_behaviors` VALUES (32688, 'u10036_2', '2025-04-19 11:33:12.980', 2, 1, 5724699, '2025-04-20 01:53:14.963', '2025-04-20 01:53:14.963', NULL);
INSERT INTO `user_behaviors` VALUES (32689, 'u10036_2', '2025-04-17 23:54:12.980', 1, 1, 8323229, '2025-04-20 01:53:14.969', '2025-04-20 01:53:14.969', NULL);
INSERT INTO `user_behaviors` VALUES (32690, 'u10036_2', '2025-03-29 07:21:12.980', 2, 2, 63, '2025-04-20 01:53:14.974', '2025-04-20 01:53:14.974', NULL);
INSERT INTO `user_behaviors` VALUES (32691, 'u10036_2', '2025-03-24 09:27:12.980', 2, 1, 3039199, '2025-04-20 01:53:14.980', '2025-04-20 01:53:14.980', NULL);
INSERT INTO `user_behaviors` VALUES (32692, 'u10036_2', '2025-04-04 13:58:12.980', 1, 2, 736, '2025-04-20 01:53:14.985', '2025-04-20 01:53:14.985', NULL);
INSERT INTO `user_behaviors` VALUES (32693, 'u10036_2', '2025-04-13 13:41:12.980', 2, 1, 6388563, '2025-04-20 01:53:14.990', '2025-04-20 01:53:14.990', NULL);
INSERT INTO `user_behaviors` VALUES (32694, 'u10036_2', '2025-04-05 04:08:12.980', 2, 2, 322, '2025-04-20 01:53:14.996', '2025-04-20 01:53:14.996', NULL);
INSERT INTO `user_behaviors` VALUES (32695, 'u10036_2', '2025-04-18 04:33:12.980', 1, 2, 980, '2025-04-20 01:53:15.001', '2025-04-20 01:53:15.001', NULL);
INSERT INTO `user_behaviors` VALUES (32696, 'u10036_2', '2025-03-22 01:02:12.980', 1, 1, 10174572, '2025-04-20 01:53:15.006', '2025-04-20 01:53:15.006', NULL);
INSERT INTO `user_behaviors` VALUES (32697, 'u10037_3', '2025-03-22 03:43:12.980', 2, 1, 715517, '2025-04-20 01:53:15.011', '2025-04-20 01:53:15.011', NULL);
INSERT INTO `user_behaviors` VALUES (32698, 'u10037_3', '2025-04-18 00:22:12.980', 1, 2, 666, '2025-04-20 01:53:15.016', '2025-04-20 01:53:15.016', NULL);
INSERT INTO `user_behaviors` VALUES (32699, 'u10037_3', '2025-03-27 03:27:12.980', 2, 1, 9981545, '2025-04-20 01:53:15.021', '2025-04-20 01:53:15.021', NULL);
INSERT INTO `user_behaviors` VALUES (32700, 'u10037_3', '2025-04-08 19:25:12.980', 1, 2, 921, '2025-04-20 01:53:15.026', '2025-04-20 01:53:15.026', NULL);
INSERT INTO `user_behaviors` VALUES (32701, 'u10037_3', '2025-04-19 14:53:12.980', 1, 1, 2339171, '2025-04-20 01:53:15.031', '2025-04-20 01:53:15.031', NULL);
INSERT INTO `user_behaviors` VALUES (32702, 'u10037_3', '2025-04-07 13:25:12.980', 2, 1, 9721007, '2025-04-20 01:53:15.036', '2025-04-20 01:53:15.036', NULL);
INSERT INTO `user_behaviors` VALUES (32703, 'u10037_3', '2025-03-23 00:14:12.980', 1, 2, 279, '2025-04-20 01:53:15.041', '2025-04-20 01:53:15.041', NULL);
INSERT INTO `user_behaviors` VALUES (32704, 'u10037_3', '2025-04-06 07:22:12.980', 2, 1, 2059374, '2025-04-20 01:53:15.047', '2025-04-20 01:53:15.047', NULL);
INSERT INTO `user_behaviors` VALUES (32705, 'u10037_3', '2025-04-03 07:52:12.980', 1, 2, 535, '2025-04-20 01:53:15.051', '2025-04-20 01:53:15.051', NULL);
INSERT INTO `user_behaviors` VALUES (32706, 'u10037_3', '2025-03-30 22:03:12.980', 2, 1, 2650664, '2025-04-20 01:53:15.057', '2025-04-20 01:53:15.057', NULL);
INSERT INTO `user_behaviors` VALUES (32707, 'u10038_4', '2025-04-18 12:41:12.980', 2, 1, 3255823, '2025-04-20 01:53:15.062', '2025-04-20 01:53:15.062', NULL);
INSERT INTO `user_behaviors` VALUES (32708, 'u10038_4', '2025-03-23 07:40:12.980', 2, 1, 1156836, '2025-04-20 01:53:15.068', '2025-04-20 01:53:15.068', NULL);
INSERT INTO `user_behaviors` VALUES (32709, 'u10038_4', '2025-04-13 19:48:12.980', 2, 2, 21, '2025-04-20 01:53:15.072', '2025-04-20 01:53:15.072', NULL);
INSERT INTO `user_behaviors` VALUES (32710, 'u10038_4', '2025-03-26 03:30:12.980', 2, 1, 2914858, '2025-04-20 01:53:15.078', '2025-04-20 01:53:15.078', NULL);
INSERT INTO `user_behaviors` VALUES (32711, 'u10038_4', '2025-04-19 15:25:12.980', 1, 2, 835, '2025-04-20 01:53:15.087', '2025-04-20 01:53:15.087', NULL);
INSERT INTO `user_behaviors` VALUES (32712, 'u10038_4', '2025-04-19 06:28:12.980', 1, 1, 5903371, '2025-04-20 01:53:15.092', '2025-04-20 01:53:15.092', NULL);
INSERT INTO `user_behaviors` VALUES (32713, 'u10038_4', '2025-04-06 22:20:12.980', 1, 2, 758, '2025-04-20 01:53:15.097', '2025-04-20 01:53:15.097', NULL);
INSERT INTO `user_behaviors` VALUES (32714, 'u10038_4', '2025-04-06 04:32:12.980', 1, 1, 3761989, '2025-04-20 01:53:15.101', '2025-04-20 01:53:15.101', NULL);
INSERT INTO `user_behaviors` VALUES (32715, 'u10038_4', '2025-04-05 11:40:12.980', 2, 1, 7201083, '2025-04-20 01:53:15.106', '2025-04-20 01:53:15.106', NULL);
INSERT INTO `user_behaviors` VALUES (32716, 'u10038_4', '2025-03-31 01:41:12.980', 1, 1, 4764205, '2025-04-20 01:53:15.111', '2025-04-20 01:53:15.111', NULL);
INSERT INTO `user_behaviors` VALUES (32717, 'u10039_5', '2025-04-03 04:22:12.980', 2, 2, 747, '2025-04-20 01:53:15.116', '2025-04-20 01:53:15.116', NULL);
INSERT INTO `user_behaviors` VALUES (32718, 'u10039_5', '2025-04-09 14:08:12.980', 2, 2, 983, '2025-04-20 01:53:15.123', '2025-04-20 01:53:15.123', NULL);
INSERT INTO `user_behaviors` VALUES (32719, 'u10039_5', '2025-04-09 08:26:12.980', 1, 2, 565, '2025-04-20 01:53:15.127', '2025-04-20 01:53:15.127', NULL);
INSERT INTO `user_behaviors` VALUES (32720, 'u10039_5', '2025-04-05 12:09:12.980', 2, 1, 461735, '2025-04-20 01:53:15.132', '2025-04-20 01:53:15.132', NULL);
INSERT INTO `user_behaviors` VALUES (32721, 'u10039_5', '2025-04-07 20:35:12.980', 1, 1, 5737054, '2025-04-20 01:53:15.137', '2025-04-20 01:53:15.137', NULL);
INSERT INTO `user_behaviors` VALUES (32722, 'u10039_5', '2025-04-11 20:46:12.980', 1, 2, 873, '2025-04-20 01:53:15.142', '2025-04-20 01:53:15.142', NULL);
INSERT INTO `user_behaviors` VALUES (32723, 'u10039_5', '2025-03-23 01:05:12.980', 1, 1, 6705636, '2025-04-20 01:53:15.147', '2025-04-20 01:53:15.147', NULL);
INSERT INTO `user_behaviors` VALUES (32724, 'u10039_5', '2025-04-06 11:31:12.980', 2, 1, 5486499, '2025-04-20 01:53:15.152', '2025-04-20 01:53:15.152', NULL);
INSERT INTO `user_behaviors` VALUES (32725, 'u10039_5', '2025-03-26 21:00:12.980', 2, 2, 415, '2025-04-20 01:53:15.157', '2025-04-20 01:53:15.157', NULL);
INSERT INTO `user_behaviors` VALUES (32726, 'u10039_5', '2025-04-19 05:39:12.980', 1, 1, 7480175, '2025-04-20 01:53:15.162', '2025-04-20 01:53:15.162', NULL);
INSERT INTO `user_behaviors` VALUES (32727, 'u10040_1', '2025-04-12 09:39:12.980', 1, 2, 485, '2025-04-20 01:53:15.169', '2025-04-20 01:53:15.169', NULL);
INSERT INTO `user_behaviors` VALUES (32728, 'u10040_1', '2025-04-11 17:03:12.980', 2, 2, 759, '2025-04-20 01:53:15.174', '2025-04-20 01:53:15.174', NULL);
INSERT INTO `user_behaviors` VALUES (32729, 'u10040_1', '2025-03-31 18:48:12.980', 1, 2, 954, '2025-04-20 01:53:15.179', '2025-04-20 01:53:15.179', NULL);
INSERT INTO `user_behaviors` VALUES (32730, 'u10040_1', '2025-03-23 16:38:12.980', 2, 2, 105, '2025-04-20 01:53:15.184', '2025-04-20 01:53:15.184', NULL);
INSERT INTO `user_behaviors` VALUES (32731, 'u10040_1', '2025-03-22 03:38:12.980', 2, 1, 5285718, '2025-04-20 01:53:15.189', '2025-04-20 01:53:15.189', NULL);
INSERT INTO `user_behaviors` VALUES (32732, 'u10040_1', '2025-03-31 16:34:12.980', 1, 2, 727, '2025-04-20 01:53:15.194', '2025-04-20 01:53:15.194', NULL);
INSERT INTO `user_behaviors` VALUES (32733, 'u10040_1', '2025-03-30 02:38:12.980', 1, 2, 423, '2025-04-20 01:53:15.199', '2025-04-20 01:53:15.199', NULL);
INSERT INTO `user_behaviors` VALUES (32734, 'u10040_1', '2025-03-22 05:47:12.980', 2, 1, 3866114, '2025-04-20 01:53:15.204', '2025-04-20 01:53:15.204', NULL);
INSERT INTO `user_behaviors` VALUES (32735, 'u10040_1', '2025-04-03 02:56:12.980', 2, 1, 1470864, '2025-04-20 01:53:15.209', '2025-04-20 01:53:15.209', NULL);
INSERT INTO `user_behaviors` VALUES (32736, 'u10040_1', '2025-04-04 02:15:12.980', 2, 2, 921, '2025-04-20 01:53:15.216', '2025-04-20 01:53:15.216', NULL);
INSERT INTO `user_behaviors` VALUES (32737, 'u10041_2', '2025-04-08 01:19:12.980', 1, 1, 2012649, '2025-04-20 01:53:15.221', '2025-04-20 01:53:15.221', NULL);
INSERT INTO `user_behaviors` VALUES (32738, 'u10041_2', '2025-03-25 17:34:12.980', 2, 1, 9999860, '2025-04-20 01:53:15.226', '2025-04-20 01:53:15.226', NULL);
INSERT INTO `user_behaviors` VALUES (32739, 'u10041_2', '2025-04-16 03:31:12.980', 2, 1, 3421026, '2025-04-20 01:53:15.232', '2025-04-20 01:53:15.232', NULL);
INSERT INTO `user_behaviors` VALUES (32740, 'u10041_2', '2025-04-15 01:01:12.980', 2, 2, 615, '2025-04-20 01:53:15.238', '2025-04-20 01:53:15.238', NULL);
INSERT INTO `user_behaviors` VALUES (32741, 'u10041_2', '2025-04-03 08:16:12.980', 2, 1, 4841134, '2025-04-20 01:53:15.243', '2025-04-20 01:53:15.243', NULL);
INSERT INTO `user_behaviors` VALUES (32742, 'u10041_2', '2025-04-06 23:58:12.980', 2, 1, 8422181, '2025-04-20 01:53:15.248', '2025-04-20 01:53:15.248', NULL);
INSERT INTO `user_behaviors` VALUES (32743, 'u10041_2', '2025-03-31 02:11:12.980', 2, 2, 109, '2025-04-20 01:53:15.252', '2025-04-20 01:53:15.252', NULL);
INSERT INTO `user_behaviors` VALUES (32744, 'u10041_2', '2025-04-01 00:08:12.980', 2, 2, 736, '2025-04-20 01:53:15.257', '2025-04-20 01:53:15.257', NULL);
INSERT INTO `user_behaviors` VALUES (32745, 'u10041_2', '2025-03-22 08:56:12.980', 1, 2, 742, '2025-04-20 01:53:15.262', '2025-04-20 01:53:15.262', NULL);
INSERT INTO `user_behaviors` VALUES (32746, 'u10041_2', '2025-03-24 21:52:12.980', 1, 2, 874, '2025-04-20 01:53:15.267', '2025-04-20 01:53:15.267', NULL);
INSERT INTO `user_behaviors` VALUES (32747, 'u10042_3', '2025-03-22 05:15:12.980', 2, 1, 9041339, '2025-04-20 01:53:15.272', '2025-04-20 01:53:15.272', NULL);
INSERT INTO `user_behaviors` VALUES (32748, 'u10042_3', '2025-04-16 01:01:12.980', 2, 1, 4989128, '2025-04-20 01:53:15.279', '2025-04-20 01:53:15.279', NULL);
INSERT INTO `user_behaviors` VALUES (32749, 'u10042_3', '2025-04-12 09:08:12.980', 2, 1, 10321709, '2025-04-20 01:53:15.284', '2025-04-20 01:53:15.284', NULL);
INSERT INTO `user_behaviors` VALUES (32750, 'u10042_3', '2025-04-15 16:28:12.980', 2, 2, 234, '2025-04-20 01:53:15.289', '2025-04-20 01:53:15.289', NULL);
INSERT INTO `user_behaviors` VALUES (32751, 'u10042_3', '2025-03-28 03:15:12.980', 2, 1, 8752195, '2025-04-20 01:53:15.294', '2025-04-20 01:53:15.294', NULL);
INSERT INTO `user_behaviors` VALUES (32752, 'u10042_3', '2025-04-17 01:28:12.980', 1, 1, 73837, '2025-04-20 01:53:15.299', '2025-04-20 01:53:15.299', NULL);
INSERT INTO `user_behaviors` VALUES (32753, 'u10042_3', '2025-04-13 03:54:12.980', 1, 1, 2409273, '2025-04-20 01:53:15.304', '2025-04-20 01:53:15.304', NULL);
INSERT INTO `user_behaviors` VALUES (32754, 'u10042_3', '2025-04-11 23:10:12.980', 2, 1, 9185870, '2025-04-20 01:53:15.309', '2025-04-20 01:53:15.309', NULL);
INSERT INTO `user_behaviors` VALUES (32755, 'u10042_3', '2025-04-19 07:50:12.980', 1, 1, 4797580, '2025-04-20 01:53:15.314', '2025-04-20 01:53:15.314', NULL);
INSERT INTO `user_behaviors` VALUES (32756, 'u10042_3', '2025-04-14 09:40:12.980', 1, 1, 3326935, '2025-04-20 01:53:15.319', '2025-04-20 01:53:15.319', NULL);
INSERT INTO `user_behaviors` VALUES (32757, 'u10043_4', '2025-04-16 02:50:12.980', 2, 2, 435, '2025-04-20 01:53:15.324', '2025-04-20 01:53:15.324', NULL);
INSERT INTO `user_behaviors` VALUES (32758, 'u10043_4', '2025-03-28 18:40:12.980', 1, 2, 241, '2025-04-20 01:53:15.329', '2025-04-20 01:53:15.329', NULL);
INSERT INTO `user_behaviors` VALUES (32759, 'u10043_4', '2025-04-17 03:06:12.980', 2, 2, 699, '2025-04-20 01:53:15.334', '2025-04-20 01:53:15.334', NULL);
INSERT INTO `user_behaviors` VALUES (32760, 'u10043_4', '2025-04-05 16:43:12.980', 1, 2, 15, '2025-04-20 01:53:15.340', '2025-04-20 01:53:15.340', NULL);
INSERT INTO `user_behaviors` VALUES (32761, 'u10043_4', '2025-03-24 02:10:12.980', 1, 2, 619, '2025-04-20 01:53:15.345', '2025-04-20 01:53:15.345', NULL);
INSERT INTO `user_behaviors` VALUES (32762, 'u10043_4', '2025-04-08 13:44:12.980', 1, 1, 5134861, '2025-04-20 01:53:15.350', '2025-04-20 01:53:15.350', NULL);
INSERT INTO `user_behaviors` VALUES (32763, 'u10043_4', '2025-03-30 04:18:12.980', 2, 1, 1009736, '2025-04-20 01:53:15.356', '2025-04-20 01:53:15.356', NULL);
INSERT INTO `user_behaviors` VALUES (32764, 'u10043_4', '2025-04-09 10:09:12.980', 1, 2, 766, '2025-04-20 01:53:15.361', '2025-04-20 01:53:15.361', NULL);
INSERT INTO `user_behaviors` VALUES (32765, 'u10043_4', '2025-03-30 13:38:12.980', 1, 2, 999, '2025-04-20 01:53:15.366', '2025-04-20 01:53:15.366', NULL);
INSERT INTO `user_behaviors` VALUES (32766, 'u10043_4', '2025-04-07 03:02:12.980', 1, 1, 7988577, '2025-04-20 01:53:15.371', '2025-04-20 01:53:15.371', NULL);
INSERT INTO `user_behaviors` VALUES (32767, 'u10044_5', '2025-04-12 00:21:12.980', 2, 1, 6138719, '2025-04-20 01:53:15.376', '2025-04-20 01:53:15.376', NULL);
INSERT INTO `user_behaviors` VALUES (32768, 'u10044_5', '2025-04-13 03:24:12.980', 1, 2, 1005, '2025-04-20 01:53:15.381', '2025-04-20 01:53:15.381', NULL);
INSERT INTO `user_behaviors` VALUES (32769, 'u10044_5', '2025-04-15 03:55:12.980', 2, 2, 973, '2025-04-20 01:53:15.387', '2025-04-20 01:53:15.387', NULL);
INSERT INTO `user_behaviors` VALUES (32770, 'u10044_5', '2025-04-13 15:30:12.980', 1, 2, 960, '2025-04-20 01:53:15.392', '2025-04-20 01:53:15.392', NULL);
INSERT INTO `user_behaviors` VALUES (32771, 'u10044_5', '2025-04-09 18:47:12.980', 2, 2, 896, '2025-04-20 01:53:15.398', '2025-04-20 01:53:15.398', NULL);
INSERT INTO `user_behaviors` VALUES (32772, 'u10044_5', '2025-04-14 22:41:12.980', 2, 2, 49, '2025-04-20 01:53:15.404', '2025-04-20 01:53:15.404', NULL);
INSERT INTO `user_behaviors` VALUES (32773, 'u10044_5', '2025-04-19 20:07:12.980', 2, 2, 271, '2025-04-20 01:53:15.409', '2025-04-20 01:53:15.409', NULL);
INSERT INTO `user_behaviors` VALUES (32774, 'u10044_5', '2025-03-28 00:53:12.980', 1, 2, 335, '2025-04-20 01:53:15.415', '2025-04-20 01:53:15.415', NULL);
INSERT INTO `user_behaviors` VALUES (32775, 'u10044_5', '2025-04-16 01:20:12.980', 1, 2, 890, '2025-04-20 01:53:15.420', '2025-04-20 01:53:15.420', NULL);
INSERT INTO `user_behaviors` VALUES (32776, 'u10044_5', '2025-03-30 11:30:12.980', 2, 2, 500, '2025-04-20 01:53:15.425', '2025-04-20 01:53:15.425', NULL);
INSERT INTO `user_behaviors` VALUES (32777, 'USER001', '2025-04-02 17:01:12.980', 2, 1, 3243648, '2025-04-20 01:53:15.430', '2025-04-20 01:53:15.430', NULL);
INSERT INTO `user_behaviors` VALUES (32778, 'USER001', '2025-03-31 17:23:12.980', 1, 1, 7438166, '2025-04-20 01:53:15.435', '2025-04-20 01:53:15.435', NULL);
INSERT INTO `user_behaviors` VALUES (32779, 'USER001', '2025-03-26 21:22:12.980', 2, 1, 6845584, '2025-04-20 01:53:15.450', '2025-04-20 01:53:15.450', NULL);
INSERT INTO `user_behaviors` VALUES (32780, 'USER001', '2025-03-26 03:41:12.980', 2, 1, 2927597, '2025-04-20 01:53:15.456', '2025-04-20 01:53:15.456', NULL);
INSERT INTO `user_behaviors` VALUES (32781, 'USER001', '2025-04-11 22:50:12.980', 2, 1, 3004237, '2025-04-20 01:53:15.460', '2025-04-20 01:53:15.460', NULL);
INSERT INTO `user_behaviors` VALUES (32782, 'USER001', '2025-03-26 02:47:12.980', 1, 2, 572, '2025-04-20 01:53:15.465', '2025-04-20 01:53:15.465', NULL);
INSERT INTO `user_behaviors` VALUES (32783, 'USER001', '2025-04-07 17:30:12.980', 1, 2, 295, '2025-04-20 01:53:15.470', '2025-04-20 01:53:15.470', NULL);
INSERT INTO `user_behaviors` VALUES (32784, 'USER001', '2025-04-04 19:02:12.980', 1, 2, 872, '2025-04-20 01:53:15.475', '2025-04-20 01:53:15.475', NULL);
INSERT INTO `user_behaviors` VALUES (32785, 'USER001', '2025-04-13 00:25:12.980', 2, 1, 2121941, '2025-04-20 01:53:15.480', '2025-04-20 01:53:15.480', NULL);
INSERT INTO `user_behaviors` VALUES (32786, 'USER001', '2025-03-28 02:35:12.980', 1, 1, 8965343, '2025-04-20 01:53:15.485', '2025-04-20 01:53:15.485', NULL);

-- ----------------------------
-- Table structure for user_connect_list
-- ----------------------------
DROP TABLE IF EXISTS `user_connect_list`;
CREATE TABLE `user_connect_list`  (
  `id` int UNSIGNED NOT NULL AUTO_INCREMENT,
  `user_id` varchar(64) CHARACTER SET utf8mb4 COLLATE utf8mb4_0900_ai_ci NOT NULL,
  `connect_user_id` varchar(64) CHARACTER SET utf8mb4 COLLATE utf8mb4_0900_ai_ci NOT NULL,
  PRIMARY KEY (`id`) USING BTREE,
  INDEX `idx_user_id`(`user_id` ASC) USING BTREE,
  INDEX `idx_user_connect_list_user_id`(`user_id` ASC) USING BTREE
) ENGINE = InnoDB CHARACTER SET = utf8mb4 COLLATE = utf8mb4_0900_ai_ci ROW_FORMAT = DYNAMIC;

-- ----------------------------
-- Records of user_connect_list
-- ----------------------------

-- ----------------------------
-- Table structure for users
-- ----------------------------
DROP TABLE IF EXISTS `users`;
CREATE TABLE `users`  (
  `user_id` varchar(64) CHARACTER SET utf8mb4 COLLATE utf8mb4_0900_ai_ci NOT NULL,
  `created_at` datetime(3) NULL DEFAULT NULL,
  `updated_at` datetime(3) NULL DEFAULT NULL,
  `deleted_at` datetime(3) NULL DEFAULT NULL,
  `user_name` varchar(64) CHARACTER SET utf8mb4 COLLATE utf8mb4_0900_ai_ci NOT NULL,
  `pass_wd` varchar(128) CHARACTER SET utf8mb4 COLLATE utf8mb4_0900_ai_ci NOT NULL,
  `user_type` bigint NOT NULL,
  `gateway_device_id` varchar(64) CHARACTER SET utf8mb4 COLLATE utf8mb4_0900_ai_ci NOT NULL,
  `online_duration` bigint NULL DEFAULT 0,
  `cert_id` varchar(255) CHARACTER SET utf8mb4 COLLATE utf8mb4_0900_ai_ci NULL DEFAULT NULL,
  `key_id` varchar(255) CHARACTER SET utf8mb4 COLLATE utf8mb4_0900_ai_ci NULL DEFAULT NULL,
  `email` varchar(128) CHARACTER SET utf8mb4 COLLATE utf8mb4_0900_ai_ci NULL DEFAULT NULL,
  `permission_mask` char(8) CHARACTER SET utf8mb4 COLLATE utf8mb4_0900_ai_ci NULL DEFAULT NULL,
  `last_login_time_stamp` datetime(3) NULL DEFAULT NULL,
  `off_line_time_stamp` datetime(3) NULL DEFAULT NULL,
  `login_ip` char(24) CHARACTER SET utf8mb4 COLLATE utf8mb4_0900_ai_ci NULL DEFAULT NULL,
  `illegal_login_times` bigint NULL DEFAULT NULL,
  `auth_status` varchar(20) CHARACTER SET utf8mb4 COLLATE utf8mb4_0900_ai_ci NULL DEFAULT 'normal',
  `login_status` varchar(20) CHARACTER SET utf8mb4 COLLATE utf8mb4_0900_ai_ci NULL DEFAULT 'offline',
  PRIMARY KEY (`user_id`) USING BTREE,
  INDEX `idx_users_deleted_at`(`deleted_at` ASC) USING BTREE
) ENGINE = InnoDB CHARACTER SET = utf8mb4 COLLATE = utf8mb4_0900_ai_ci ROW_FORMAT = DYNAMIC;

-- ----------------------------
-- Records of users
-- ----------------------------
INSERT INTO `users` VALUES ('123123123122', '2025-05-24 15:20:45.157', '2025-05-24 15:20:45.157', NULL, 'user112323123', '123131231231', 1, '11001', 0, '', '', '', '', NULL, NULL, '', NULL, 'normal', 'offline');
INSERT INTO `users` VALUES ('u10000_1', '2025-04-17 23:19:08.968', '2025-04-17 23:19:08.968', NULL, 'user_11001_1', 'passhmMbeYS5', 1, '11001', 175, '', '', 'CwC9Dat6@company.net', '00110101', NULL, NULL, '254.132.254.168', 2, 'normal', 'online');
INSERT INTO `users` VALUES ('u10001_2', '2025-04-17 23:19:08.972', '2025-04-22 13:25:54.420', NULL, 'user_11001_2', 'passIVDMPPgZ', 2, '11001', 797, 'D:\\work\\golang\\gin-server\\regist\\certs\\certs\\user_u10001_2.pem', '', 'AjkrQXgq@example.com', '00110101', '2025-04-16 16:19:08.972', NULL, '162.206.193.58', NULL, 'signout', 'online');
INSERT INTO `users` VALUES ('u10002_3', '2025-04-17 23:19:08.977', '2025-04-19 10:44:57.419', NULL, 'user_11001_3', '123452116787', 1, '11001', 739, '', '', 'brCF4fRb@example.com', '00001010', NULL, NULL, '97.99.66.252', NULL, 'normal', 'online');
INSERT INTO `users` VALUES ('u10003_4', '2025-04-17 23:19:08.982', '2025-04-22 11:30:14.145', NULL, 'user_11001_445', 'passxThjvP6v1', 1, '11001', 497, '', '', '2ShaNdQX@mail.cn', '11010001', NULL, NULL, '62.29.216.192', 5, 'normal', 'online');
INSERT INTO `users` VALUES ('u10004_5', '2025-04-17 23:19:08.988', '2025-04-17 23:19:08.988', NULL, 'user_11001_5', 'pass7mZTYaEa', 3, '11001', 87, '', '', 'swMoucfl@example.com', '10010011', '2025-04-16 10:19:08.988', NULL, '115.247.110.162', 0, 'normal', 'offline');
INSERT INTO `users` VALUES ('u10005_1', '2025-04-17 23:19:08.992', '2025-04-22 13:29:48.574', NULL, 'user_11002_1_1', 'passGG82MKlw', 3, '11001', 273, '', '', 'm4FtxtOC@test.org', '00100011', '2025-04-15 09:19:08.992', NULL, '40.120.230.190', 1, 'forbidden', 'online');
INSERT INTO `users` VALUES ('u10006_2', '2025-04-17 23:19:08.999', '2025-04-21 23:07:54.244', NULL, 'hello_world', '2431432424', 2, '11001', 994, '', '', 'lssB2cHA@example.com', '10111110', '2025-04-16 01:19:08.999', NULL, '167.128.130.51', NULL, 'signout', 'online');
INSERT INTO `users` VALUES ('u10007_3', '2025-04-17 23:19:09.004', '2025-04-17 23:19:09.004', NULL, 'user_11002_3', 'passqV0yM5Ck', 1, '11001', 83, '', '', 'RdDOrF18@example.com', '11101101', NULL, NULL, '216.1.27.215', 4, 'normal', 'online');
INSERT INTO `users` VALUES ('u10008_4', '2025-04-17 23:19:09.009', '2025-04-22 12:10:21.284', NULL, 'user_11002_42342', 'pass3TY6Llt52134', 1, '11001', 908, '', '', 'nvgHxGWl@company.net', '11000110', NULL, NULL, '209.241.229.44', 3, 'normal', 'offline');
INSERT INTO `users` VALUES ('u10009_5', '2025-04-17 23:19:09.014', '2025-04-17 23:19:09.014', NULL, 'user_11002_5', 'passL0C7yJLG', 1, '11002', 421, '', '', 'n080neN9@example.com', '00011100', NULL, NULL, '15.84.29.8', NULL, 'normal', 'online');
INSERT INTO `users` VALUES ('u10010_1', '2025-04-17 23:19:09.020', '2025-04-17 23:19:09.020', NULL, 'user_11003_1', 'pass4qSDfFmz', 1, '11002', 153, '', '', 'gcVla1cM@example.com', '11110111', '2025-04-16 03:19:09.020', NULL, '138.44.194.179', NULL, 'normal', 'online');
INSERT INTO `users` VALUES ('u10011_2', '2025-04-17 23:19:09.025', '2025-04-17 23:19:09.025', NULL, 'user_11003_2', 'passGvw5NulR', 1, '11002', 708, '', '', 'WMdz9kmW@mail.cn', '00100000', NULL, NULL, '105.186.110.220', 5, 'normal', 'online');
INSERT INTO `users` VALUES ('u10012_3', '2025-04-17 23:19:09.030', '2025-04-17 23:19:09.030', NULL, 'user_11003_3', 'passWPpnvzbM', 3, '11002', 19, '', '', 'QGopohtQ@company.net', '00001010', NULL, NULL, '200.27.104.95', NULL, 'normal', 'online');
INSERT INTO `users` VALUES ('u10013_4', '2025-04-17 23:19:09.035', '2025-04-17 23:19:09.035', NULL, 'user_11003_4', 'passrGtRw6or', 3, '11002', 909, '', '', 'vFblnuLC@company.net', '01101101', NULL, NULL, '96.184.240.236', NULL, 'normal', 'offline');
INSERT INTO `users` VALUES ('u10014_5', '2025-04-17 23:19:09.040', '2025-04-17 23:19:09.040', NULL, 'user_11003_5', 'passpthsUYhQ', 3, '11002', 391, '', '', 'ZZDkTM7u@mail.cn', '11111010', '2025-04-15 16:19:09.040', '2025-04-16 00:19:09.040', '164.123.32.24', NULL, 'normal', 'offline');
INSERT INTO `users` VALUES ('u10015_1', '2025-04-17 23:19:09.046', '2025-04-17 23:19:09.046', NULL, 'user_11004_1', 'passkA3QpApE', 1, '11002', 172, '', '', 'kx6wHd8n@mail.cn', '10011111', NULL, NULL, '49.40.62.27', 5, 'normal', 'online');
INSERT INTO `users` VALUES ('u10016_2', '2025-04-17 23:19:09.051', '2025-04-17 23:19:09.051', NULL, 'user_11004_2', 'pass5MOklQOC', 3, '11002', 55, '', '', 'K4wvXB8o@example.com', '01010010', NULL, NULL, '5.157.79.133', 1, 'normal', 'online');
INSERT INTO `users` VALUES ('u10017_3', '2025-04-17 23:19:09.056', '2025-04-17 23:19:09.056', NULL, 'user_11004_3', 'passfulOMnYS', 1, '11002', 80, '', '', '8sGY5wfl@example.com', '11111001', '2025-04-17 08:19:09.056', NULL, '183.103.76.21', NULL, 'normal', 'online');
INSERT INTO `users` VALUES ('u10018_4', '2025-04-17 23:19:09.061', '2025-04-17 23:19:09.061', NULL, 'user_11004_4', 'passTqjwgG9c', 1, '11002', 670, '', '', 'rcKIjYJH@example.com', '10110100', '2025-04-15 11:19:09.061', NULL, '91.138.70.109', NULL, 'normal', 'offline');
INSERT INTO `users` VALUES ('u10019_5', '2025-04-17 23:19:09.066', '2025-04-17 23:19:09.066', NULL, 'user_11004_5', 'passo5bHoXJv', 3, '11002', 290, '', '', 'NbPjVQN1@test.org', '00110011', NULL, NULL, '215.227.195.249', 4, 'normal', 'offline');
INSERT INTO `users` VALUES ('u10020_1', '2025-04-17 23:19:09.072', '2025-04-17 23:19:09.072', NULL, 'user_11005_1', 'passLN56PRDg', 1, '11002', 969, '', '', 'qFFitCDT@example.com', '11010011', '2025-04-15 11:19:09.072', NULL, '0.222.93.159', 4, 'normal', 'online');
INSERT INTO `users` VALUES ('u10021_2', '2025-04-17 23:19:09.077', '2025-04-17 23:19:09.077', NULL, 'user_11005_2', 'passT875Ne93', 2, '11003', 71, '', '', 'mJUWvNXN@example.com', '00110001', NULL, NULL, '57.3.153.58', 5, 'normal', 'offline');
INSERT INTO `users` VALUES ('u10022_3', '2025-04-17 23:19:09.082', '2025-04-17 23:19:09.082', NULL, 'user_11005_3', 'passMT9FH5Jx', 3, '11003', 716, '', '', 'pJ7pSnKb@test.org', '10011000', '2025-04-15 13:19:09.082', NULL, '91.105.122.97', NULL, 'normal', 'online');
INSERT INTO `users` VALUES ('u10023_4', '2025-04-17 23:19:09.088', '2025-04-17 23:19:09.088', NULL, 'user_11005_4', 'passvSkZPD3q', 2, '11003', 318, '', '', '3i7jdAT8@test.org', '01100000', '2025-04-16 12:19:09.088', NULL, '21.247.54.241', 5, 'normal', 'online');
INSERT INTO `users` VALUES ('u10024_5', '2025-04-17 23:19:09.092', '2025-04-17 23:19:09.092', NULL, 'user_11005_5', 'passiv7VaDwC', 3, '11003', 619, '', '', 'ckZ61ywv@company.net', '10100001', NULL, NULL, '16.35.248.96', NULL, 'normal', 'online');
INSERT INTO `users` VALUES ('u10025_1', '2025-04-17 23:19:09.098', '2025-04-17 23:19:09.098', NULL, 'user_11006_1', 'passWQ0FOKxq', 2, '11003', 680, '', '', 'e3n8xKtt@example.com', '11001111', NULL, NULL, '179.243.128.212', NULL, 'forbidden', 'online');
INSERT INTO `users` VALUES ('u10026_2', '2025-04-17 23:19:09.102', '2025-04-17 23:19:09.102', NULL, 'user_11006_2', 'pass2Bx7s6Q9', 2, '11003', 211, '', '', 'PUHuCtkx@example.com', '01011001', '2025-04-16 03:19:09.102', NULL, '109.78.181.174', 0, 'normal', 'online');
INSERT INTO `users` VALUES ('u10027_3', '2025-04-17 23:19:09.108', '2025-04-17 23:19:09.108', NULL, 'user_11006_3', 'passbvL1ycdS', 3, '11003', 751, '', '', '17kfqUlD@example.com', '10001001', '2025-04-17 10:19:09.108', NULL, '3.221.23.145', NULL, 'normal', 'online');
INSERT INTO `users` VALUES ('u10028_4', '2025-04-17 23:19:09.114', '2025-04-17 23:19:09.114', NULL, 'user_11006_4', 'passZefoOe1J', 3, '11003', 542, '', '', 'GB5rvdKa@mail.cn', '11010111', NULL, NULL, '236.81.88.227', NULL, 'normal', 'offline');
INSERT INTO `users` VALUES ('u10029_5', '2025-04-17 23:19:09.119', '2025-04-17 23:19:09.119', NULL, 'user_11006_5', 'passGaWEXrrI', 2, '11003', 541, '', '', 'XfbJHOrS@example.com', '10110100', '2025-04-17 21:19:09.119', NULL, '100.142.66.27', 2, 'normal', 'online');
INSERT INTO `users` VALUES ('u10030_1', '2025-04-17 23:19:09.125', '2025-04-17 23:19:09.125', NULL, 'user_11007_1', 'passKsxzc8pK', 2, '11003', 952, '', '', 'SWipiRZw@mail.cn', '01100110', NULL, NULL, '156.215.165.106', 0, 'normal', 'online');
INSERT INTO `users` VALUES ('u10031_2', '2025-04-17 23:19:09.130', '2025-04-17 23:19:09.130', NULL, 'user_11007_2', 'passOn7Xixfe', 3, '11003', 818, '', '', 'rqNzoTCC@example.com', '00011011', NULL, NULL, '57.141.75.143', NULL, 'normal', 'online');
INSERT INTO `users` VALUES ('u10032_3', '2025-04-17 23:19:09.135', '2025-04-17 23:19:09.135', NULL, 'user_11007_3', 'passYmMCraC4', 1, '11004', 456, '', '', 'QoPdp0nN@company.net', '11001110', NULL, NULL, '242.240.178.232', 0, 'normal', 'offline');
INSERT INTO `users` VALUES ('u10033_4', '2025-04-17 23:19:09.140', '2025-04-17 23:19:09.140', NULL, 'user_11007_4', 'passGthPfYip', 2, '11004', 21, '', '', 'jQxGCKLk@company.net', '01010111', NULL, NULL, '125.24.112.231', NULL, 'normal', 'offline');
INSERT INTO `users` VALUES ('u10034_5', '2025-04-17 23:19:09.145', '2025-04-17 23:19:09.145', NULL, 'user_11007_5', 'passS2147WG1', 3, '11004', 12, '', '', '6RP8DPU2@mail.cn', '01101011', NULL, NULL, '167.152.163.160', NULL, 'normal', 'online');
INSERT INTO `users` VALUES ('u10035_1', '2025-04-17 23:19:09.151', '2025-04-17 23:19:09.151', NULL, 'user_11008_1', 'passAQCyJHgc', 3, '11004', 870, '', '', 'OHv3Cv60@company.net', '11010000', '2025-04-16 20:19:09.151', NULL, '47.225.143.46', 3, 'normal', 'offline');
INSERT INTO `users` VALUES ('u10036_2', '2025-04-17 23:19:09.156', '2025-04-17 23:19:09.156', NULL, 'user_11008_2', 'passbyfgKCtO', 3, '11004', 75, '', '', 'dcQGC8LW@company.net', '01100000', '2025-04-16 07:19:09.156', NULL, '178.6.203.118', NULL, 'normal', 'offline');
INSERT INTO `users` VALUES ('u10037_3', '2025-04-17 23:19:09.161', '2025-04-17 23:19:09.161', NULL, 'user_11008_3', 'passStM9KLhz', 2, '11004', 551, '', '', 'Rdw2n3yl@test.org', '10010110', NULL, NULL, '150.61.150.144', NULL, 'forbidden', 'online');
INSERT INTO `users` VALUES ('u10038_4', '2025-04-17 23:19:09.166', '2025-04-17 23:19:09.166', NULL, 'user_11008_4', 'pass1sQAMpq3', 3, '11004', 413, '', '', 'YrLDyfgK@test.org', '10000010', '2025-04-15 23:19:09.166', NULL, '82.127.106.96', NULL, 'forbidden', 'online');
INSERT INTO `users` VALUES ('u10039_5', '2025-04-17 23:19:09.172', '2025-04-17 23:19:09.172', NULL, 'user_11008_5', 'passmD5Wow7q', 1, '11004', 140, '', '', '5QuwVWx4@example.com', '10011001', '2025-04-17 05:19:09.172', '2025-04-17 22:19:09.172', '2.120.153.116', NULL, 'normal', 'offline');
INSERT INTO `users` VALUES ('u10040_1', '2025-04-17 23:19:09.177', '2025-04-17 23:19:09.177', NULL, 'user_11009_1', 'passF5jfrpwV', 3, '11004', 143, '', '', 'T4xxD9OS@mail.cn', '01000010', NULL, NULL, '204.226.74.61', NULL, 'normal', 'online');
INSERT INTO `users` VALUES ('u10041_2', '2025-04-17 23:19:09.181', '2025-04-22 13:16:33.522', NULL, 'user_11009_2', 'passEjQN89y0', 2, '11004', 60, '', '', 'OgZECy126y@test.org', '00011001', '2025-04-17 17:19:09.181', NULL, '175.181.107.26', NULL, 'normal', 'offline');
INSERT INTO `users` VALUES ('u10042_3', '2025-04-17 23:19:09.188', '2025-04-22 13:16:20.340', NULL, 'user_11009_31', 'pass1O4lrU6r12321', 1, '11005', 816, '', '', 'J42c30Sy@test.org', '10100111', '2025-04-17 06:19:09.188', NULL, '255.68.81.224', NULL, 'normal', 'online');
INSERT INTO `users` VALUES ('u10043_4', '2025-04-17 23:19:09.195', '2025-04-17 23:19:09.195', NULL, 'user_11009_4', 'passNa6mIDLB', 2, '11004', 334, '', '', 'eGvzx5UF@mail.cn', '01101110', NULL, NULL, '245.193.165.18', NULL, 'normal', 'online');
INSERT INTO `users` VALUES ('u10044_5', '2025-04-17 23:19:09.200', '2025-04-22 13:16:52.566', NULL, 'user_11009_5', 'passUD6gl2ow', 3, '11004', 521, '', '', 'M9RuUG8911@company.net', '01110110', '2025-04-17 12:19:09.200', NULL, '32.129.47.179', 1, 'normal', 'offline');
INSERT INTO `users` VALUES ('U11354_123325487', '2025-04-20 17:11:43.579', '2025-04-20 17:11:43.579', NULL, '2025031123', '202503222130', 1, '11005', 0, '', '', '', '', NULL, NULL, '', NULL, 'normal', 'offline');
INSERT INTO `users` VALUES ('U12154_121325487', '2025-04-20 11:47:25.010', '2025-04-20 11:47:25.010', NULL, '202503221123', '202503222130', 1, '11004', 0, '', '', '', '', NULL, NULL, '', NULL, 'normal', 'offline');
INSERT INTO `users` VALUES ('U12154_123325487', '2025-04-20 12:50:42.127', '2025-04-20 12:50:42.127', NULL, '202503211123', '202503222130', 1, '11004', 0, '', '', '', '', NULL, NULL, '', NULL, 'normal', 'offline');
INSERT INTO `users` VALUES ('user_test_1320', '2025-04-22 12:13:09.739', '2025-04-22 12:13:09.739', NULL, '测试用户1', '1234567890', 1, '11001', 0, '', '', '', '', NULL, NULL, '', NULL, 'normal', 'offline');
INSERT INTO `users` VALUES ('user_test_13201', '2025-04-22 12:13:40.679', '2025-04-22 12:13:40.679', NULL, '测试用户2', '1234567890', 1, '110011', 0, '', '', '', '', NULL, NULL, '', NULL, 'normal', 'offline');
INSERT INTO `users` VALUES ('user_test_1320111', '2025-04-22 13:15:03.579', '2025-04-22 13:15:03.579', NULL, '测试用户12', '1234567890', 1, '11001', 0, '', '', '', '', NULL, NULL, '', NULL, 'normal', 'offline');
INSERT INTO `users` VALUES ('USER001', '2025-04-18 03:33:57.407', '2025-04-18 03:33:57.407', NULL, 'TestUser', 'password123', 1, 'GW123456', 0, '', '', '', '', NULL, NULL, '', NULL, 'normal', 'offline');

SET FOREIGN_KEY_CHECKS = 1;
